Invoice ID,Branch,City,Customer type,Gender,Product line,Unit price,Quantity,Tax 5%,Total,Date,Time,Payment,cogs,gross margin percentage,gross income,Rating
INV-B2501-1001,B,Mandalay,Member,Female,Electronic accessories,28.19,8,11.276,236.796,2025-01-02,10:19,Cash,225.52,4.7619,11.276,8.1
INV-A2503-1002,A,Yangon,Normal,Female,Food and beverages,46.81,5,11.7025,245.7525,2025-03-29,13:20,Credit card,234.05,4.7619,11.7025,5.1
INV-C2503-1003,C,Naypyitaw,Normal,Female,Fashion accessories,63.22,2,6.322,132.762,2025-03-26,16:55,Credit card,126.44,4.7619,6.322,7.1
INV-A2501-1004,A,Yangon,Normal,Female,Sports and travel,33.18,1,1.659,34.839,2025-01-24,12:22,Credit card,33.18,4.7619,1.659,6.9
INV-A2502-1005,A,Yangon,Normal,Male,Home and lifestyle,17.96,8,7.184,150.864,2025-02-24,13:04,Ewallet,143.68,4.7619,7.184,9.1
INV-C2503-1006,C,Naypyitaw,Normal,Male,Electronic accessories,16.17,6,4.851,101.871,2025-03-03,19:58,Cash,97.02,4.7619,4.851,4.6
INV-C2503-1007,C,Naypyitaw,Normal,Female,Fashion accessories,33.03,2,3.303,69.363,2025-03-08,19:34,Credit card,66.06,4.7619,3.303,9.6
INV-C2502-1008,C,Naypyitaw,Normal,Female,Home and lifestyle,30.92,6,9.276,194.796,2025-02-28,11:50,Ewallet,185.52,4.7619,9.276,6.0
INV-C2503-1009,C,Naypyitaw,Member,Male,Food and beverages,28.24,2,2.824,59.304,2025-03-04,12:34,Credit card,56.48,4.7619,2.824,6.2
INV-C2501-1010,C,Naypyitaw,Normal,Female,Food and beverages,79.65,6,23.895,501.795,2025-01-02,13:31,Cash,477.9,4.7619,23.895,7.6
INV-A2503-1011,A,Yangon,Member,Female,Home and lifestyle,48.62,6,14.586,306.306,2025-03-04,15:12,Ewallet,291.72,4.7619,14.586,5.5
INV-C2502-1012,C,Naypyitaw,Normal,Female,Health and beauty,62.35,5,15.5875,327.3375,2025-02-21,12:18,Cash,311.75,4.7619,15.5875,9.5
INV-A2503-1013,A,Yangon,Normal,Female,Fashion accessories,46.94,10,23.47,492.87,2025-03-02,14:48,Credit card,469.4,4.7619,23.47,4.4
INV-A2501-1014,A,Yangon,Member,Male,Health and beauty,33.98,4,6.796,142.716,2025-01-29,19:46,Credit card,135.92,4.7619,6.796,4.9
INV-B2503-1015,B,Mandalay,Normal,Female,Health and beauty,81.43,10,40.715,855.015,2025-03-22,15:46,Cash,814.3,4.7619,40.715,5.9
INV-C2501-1016,C,Naypyitaw,Normal,Male,Electronic accessories,75.84,8,30.336,637.056,2025-01-28,16:00,Credit card,606.72,4.7619,30.336,9.6
INV-C2501-1017,C,Naypyitaw,Normal,Male,Home and lifestyle,38.91,6,11.673,245.133,2025-01-10,20:06,Cash,233.46,4.7619,11.673,7.8
INV-A2501-1018,A,Yangon,Member,Female,Health and beauty,48.38,5,12.095,253.995,2025-01-22,15:31,Credit card,241.9,4.7619,12.095,5.0
INV-C2502-1019,C,Naypyitaw,Normal,Female,Home and lifestyle,40.25,7,14.0875,295.8375,2025-02-14,14:42,Credit card,281.75,4.7619,14.0875,8.5
INV-B2502-1020,B,Mandalay,Normal,Male,Home and lifestyle,26.33,7,9.2155,193.5255,2025-02-27,12:48,Cash,184.31,4.7619,9.2155,5.7
INV-A2501-1021,A,Yangon,Normal,Male,Food and beverages,15.13,4,3.026,63.546,2025-01-17,10:10,Cash,60.52,4.7619,3.026,4.2
INV-C2503-1022,C,Naypyitaw,Member,Female,Home and lifestyle,81.1,3,12.165,255.465,2025-03-15,16:28,Credit card,243.3,4.7619,12.165,4.8
INV-C2502-1023,C,Naypyitaw,Normal,Male,Fashion accessories,48.15,4,9.63,202.23,2025-02-15,12:26,Cash,192.6,4.7619,9.63,8.1
INV-C2501-1024,C,Naypyitaw,Member,Female,Home and lifestyle,33.59,4,6.718,141.078,2025-01-30,15:17,Credit card,134.36,4.7619,6.718,7.1
INV-A2503-1025,A,Yangon,Member,Female,Health and beauty,72.29,1,3.6145,75.9045,2025-03-18,15:55,Credit card,72.29,4.7619,3.6145,7.9
INV-B2501-1026,B,Mandalay,Member,Male,Sports and travel,67.3,1,3.365,70.665,2025-01-27,17:36,Credit card,67.3,4.7619,3.365,6.4
INV-C2501-1027,C,Naypyitaw,Member,Male,Sports and travel,66.67,10,33.335,700.035,2025-01-23,16:28,Cash,666.7,4.7619,33.335,5.1
INV-B2501-1028,B,Mandalay,Normal,Female,Sports and travel,65.75,8,26.3,552.3,2025-01-19,20:36,Ewallet,526.0,4.7619,26.3,9.3
INV-C2502-1029,C,Naypyitaw,Member,Male,Fashion accessories,46.68,5,11.67,245.07,2025-02-21,10:52,Cash,233.4,4.7619,11.67,4.3
INV-B2502-1030,B,Mandalay,Normal,Female,Health and beauty,77.3,8,30.92,649.32,2025-02-17,18:16,Ewallet,618.4,4.7619,30.92,7.8
INV-B2502-1031,B,Mandalay,Normal,Female,Fashion accessories,24.4,9,10.98,230.58,2025-02-08,14:07,Cash,219.6,4.7619,10.98,6.5
INV-C2503-1032,C,Naypyitaw,Normal,Female,Home and lifestyle,38.22,2,3.822,80.262,2025-03-25,10:50,Cash,76.44,4.7619,3.822,5.1
INV-A2503-1033,A,Yangon,Member,Female,Food and beverages,28.39,5,7.0975,149.0475,2025-03-09,18:18,Cash,141.95,4.7619,7.0975,6.6
INV-B2501-1034,B,Mandalay,Normal,Female,Fashion accessories,89.14,9,40.113,842.373,2025-01-12,15:03,Ewallet,802.26,4.7619,40.113,9.1
INV-C2503-1035,C,Naypyitaw,Member,Male,Fashion accessories,93.83,8,37.532,788.172,2025-03-27,11:04,Ewallet,750.64,4.7619,37.532,6.5
INV-B2502-1036,B,Mandalay,Member,Male,Sports and travel,60.86,5,15.215,319.515,2025-02-14,11:07,Credit card,304.3,4.7619,15.215,5.1
INV-B2503-1037,B,Mandalay,Member,Female,Food and beverages,44.9,6,13.47,282.87,2025-03-21,18:59,Ewallet,269.4,4.7619,13.47,8.5
INV-B2501-1038,B,Mandalay,Normal,Female,Sports and travel,87.43,8,34.972,734.412,2025-01-21,20:10,Ewallet,699.44,4.7619,34.972,5.8
INV-B2502-1039,B,Mandalay,Normal,Female,Health and beauty,48.62,5,12.155,255.255,2025-02-01,13:21,Credit card,243.1,4.7619,12.155,6.8
INV-C2501-1040,C,Naypyitaw,Member,Male,Health and beauty,32.59,4,6.518,136.878,2025-01-26,18:30,Credit card,130.36,4.7619,6.518,8.2
INV-A2501-1041,A,Yangon,Member,Female,Home and lifestyle,70.93,9,31.9185,670.2885,2025-01-30,11:42,Credit card,638.37,4.7619,31.9185,6.6
INV-B2503-1042,B,Mandalay,Member,Male,Fashion accessories,43.59,10,21.795,457.695,2025-03-22,10:32,Ewallet,435.9,4.7619,21.795,9.0
INV-C2503-1043,C,Naypyitaw,Member,Male,Sports and travel,15.14,10,7.57,158.97,2025-03-22,11:11,Credit card,151.4,4.7619,7.57,5.7
INV-C2503-1044,C,Naypyitaw,Member,Female,Electronic accessories,96.26,5,24.065,505.365,2025-03-18,11:16,Cash,481.3,4.7619,24.065,6.4
INV-C2503-1045,C,Naypyitaw,Member,Female,Fashion accessories,97.69,7,34.1915,718.0215,2025-03-06,19:16,Ewallet,683.83,4.7619,34.1915,9.5
INV-B2501-1046,B,Mandalay,Normal,Male,Fashion accessories,44.44,9,19.998,419.958,2025-01-28,15:36,Cash,399.96,4.7619,19.998,4.5
INV-C2502-1047,C,Naypyitaw,Normal,Male,Home and lifestyle,37.32,4,7.464,156.744,2025-02-02,16:27,Credit card,149.28,4.7619,7.464,8.6
INV-A2502-1048,A,Yangon,Member,Male,Food and beverages,84.84,1,4.242,89.082,2025-02-06,13:09,Credit card,84.84,4.7619,4.242,5.6
INV-A2501-1049,A,Yangon,Normal,Female,Fashion accessories,83.44,7,29.204,613.284,2025-01-10,13:22,Ewallet,584.08,4.7619,29.204,8.2
INV-B2502-1050,B,Mandalay,Normal,Male,Sports and travel,35.04,10,17.52,367.92,2025-02-11,11:49,Ewallet,350.4,4.7619,17.52,4.9
INV-C2502-1051,C,Naypyitaw,Member,Male,Electronic accessories,56.94,8,22.776,478.296,2025-02-17,10:45,Cash,455.52,4.7619,22.776,6.9
INV-B2503-1052,B,Mandalay,Member,Male,Fashion accessories,95.03,10,47.515,997.815,2025-03-20,13:02,Ewallet,950.3,4.7619,47.515,8.1
INV-C2503-1053,C,Naypyitaw,Normal,Female,Health and beauty,52.33,9,23.5485,494.5185,2025-03-06,13:57,Cash,470.97,4.7619,23.5485,4.6
INV-B2503-1054,B,Mandalay,Normal,Male,Electronic accessories,65.92,4,13.184,276.864,2025-03-02,16:39,Credit card,263.68,4.7619,13.184,4.8
INV-C2501-1055,C,Naypyitaw,Member,Female,Electronic accessories,42.13,4,8.426,176.946,2025-01-18,20:12,Cash,168.52,4.7619,8.426,7.9
INV-B2503-1056,B,Mandalay,Normal,Female,Electronic accessories,52.11,9,23.4495,492.4395,2025-03-07,17:27,Credit card,468.99,4.7619,23.4495,5.4
INV-C2502-1057,C,Naypyitaw,Member,Male,Home and lifestyle,74.7,5,18.675,392.175,2025-02-08,16:26,Ewallet,373.5,4.7619,18.675,8.8
INV-A2503-1058,A,Yangon,Member,Female,Fashion accessories,65.67,4,13.134,275.814,2025-03-01,19:27,Cash,262.68,4.7619,13.134,5.0
INV-B2501-1059,B,Mandalay,Member,Female,Electronic accessories,86.29,3,12.9435,271.8135,2025-01-07,19:54,Ewallet,258.87,4.7619,12.9435,4.6
INV-B2502-1060,B,Mandalay,Member,Female,Home and lifestyle,46.18,6,13.854,290.934,2025-02-04,15:41,Cash,277.08,4.7619,13.854,4.5
INV-A2503-1061,A,Yangon,Normal,Male,Fashion accessories,39.56,7,13.846,290.766,2025-03-17,17:22,Credit card,276.92,4.7619,13.846,9.0
INV-A2501-1062,A,Yangon,Normal,Female,Fashion accessories,28.8,8,11.52,241.92,2025-01-29,14:52,Ewallet,230.4,4.7619,11.52,5.8
INV-C2501-1063,C,Naypyitaw,Member,Female,Home and lifestyle,32.3,3,4.845,101.745,2025-01-10,10:00,Credit card,96.9,4.7619,4.845,7.4
INV-C2501-1064,C,Naypyitaw,Member,Female,Health and beauty,15.72,8,6.288,132.048,2025-01-30,20:31,Credit card,125.76,4.7619,6.288,5.2
INV-B2501-1065,B,Mandalay,Normal,Female,Electronic accessories,20.54,1,1.027,21.567,2025-01-07,20:57,Ewallet,20.54,4.7619,1.027,6.5
INV-C2501-1066,C,Naypyitaw,Member,Male,Fashion accessories,84.95,3,12.7425,267.5925,2025-01-17,18:57,Cash,254.85,4.7619,12.7425,8.9
INV-B2503-1067,B,Mandalay,Member,Female,Electronic accessories,46.06,4,9.212,193.452,2025-03-04,12:31,Cash,184.24,4.7619,9.212,9.3
INV-A2503-1068,A,Yangon,Member,Male,Electronic accessories,24.44,6,7.332,153.972,2025-03-23,11:43,Credit card,146.64,4.7619,7.332,4.2
INV-B2501-1069,B,Mandalay,Member,Male,Home and lifestyle,78.07,1,3.9035,81.9735,2025-01-20,12:07,Cash,78.07,4.7619,3.9035,6.6
INV-C2502-1070,C,Naypyitaw,Member,Female,Fashion accessories,93.49,9,42.0705,883.4805,2025-02-18,10:55,Ewallet,841.41,4.7619,42.0705,6.7
INV-C2502-1071,C,Naypyitaw,Member,Female,Sports and travel,92.41,10,46.205,970.305,2025-02-06,13:45,Cash,924.1,4.7619,46.205,8.3
INV-C2503-1072,C,Naypyitaw,Normal,Male,Electronic accessories,63.57,2,6.357,133.497,2025-03-10,20:05,Cash,127.14,4.7619,6.357,9.9
INV-A2502-1073,A,Yangon,Member,Male,Health and beauty,31.95,1,1.5975,33.5475,2025-02-08,11:20,Cash,31.95,4.7619,1.5975,6.9
INV-B2501-1074,B,Mandalay,Normal,Female,Fashion accessories,98.37,8,39.348,826.308,2025-01-14,13:40,Ewallet,786.96,4.7619,39.348,4.5
INV-A2502-1075,A,Yangon,Member,Female,Health and beauty,93.36,4,18.672,392.112,2025-02-08,17:26,Cash,373.44,4.7619,18.672,4.4
INV-C2503-1076,C,Naypyitaw,Member,Male,Home and lifestyle,91.34,3,13.701,287.721,2025-03-28,20:19,Ewallet,274.02,4.7619,13.701,7.4
INV-C2503-1077,C,Naypyitaw,Member,Female,Food and beverages,94.24,6,28.272,593.712,2025-03-06,16:00,Cash,565.44,4.7619,28.272,8.1
INV-A2503-1078,A,Yangon,Member,Male,Electronic accessories,41.36,1,2.068,43.428,2025-03-12,19:46,Cash,41.36,4.7619,2.068,5.5
INV-B2503-1079,B,Mandalay,Member,Female,Food and beverages,56.57,4,11.314,237.594,2025-03-05,11:28,Cash,226.28,4.7619,11.314,5.7
INV-B2503-1080,B,Mandalay,Member,Female,Fashion accessories,42.92,1,2.146,45.066,2025-03-05,17:23,Cash,42.92,4.7619,2.146,4.7
INV-C2502-1081,C,Naypyitaw,Normal,Female,Sports and travel,48.48,9,21.816,458.136,2025-02-06,11:39,Cash,436.32,4.7619,21.816,4.8
INV-B2501-1082,B,Mandalay,Normal,Male,Sports and travel,68.58,7,24.003,504.063,2025-01-24,13:21,Ewallet,480.06,4.7619,24.003,5.4
INV-A2503-1083,A,Yangon,Member,Female,Fashion accessories,85.35,7,29.8725,627.3225,2025-03-04,13:21,Ewallet,597.45,4.7619,29.8725,9.8
INV-A2503-1084,A,Yangon,Member,Male,Sports and travel,77.65,4,15.53,326.13,2025-03-22,11:40,Credit card,310.6,4.7619,15.53,5.7
INV-B2501-1085,B,Mandalay,Member,Male,Sports and travel,90.26,10,45.13,947.73,2025-01-18,20:35,Credit card,902.6,4.7619,45.13,9.9
INV-C2501-1086,C,Naypyitaw,Member,Male,Electronic accessories,95.43,2,9.543,200.403,2025-01-25,20:32,Ewallet,190.86,4.7619,9.543,8.9
INV-C2503-1087,C,Naypyitaw,Normal,Female,Food and beverages,91.79,3,13.7685,289.1385,2025-03-16,13:24,Ewallet,275.37,4.7619,13.7685,5.8
INV-B2501-1088,B,Mandalay,Normal,Male,Fashion accessories,84.55,8,33.82,710.22,2025-01-10,17:44,Ewallet,676.4,4.7619,33.82,4.7
INV-C2503-1089,C,Naypyitaw,Member,Male,Electronic accessories,36.08,9,16.236,340.956,2025-03-31,13:29,Credit card,324.72,4.7619,16.236,5.5
INV-C2503-1090,C,Naypyitaw,Normal,Female,Electronic accessories,53.79,10,26.895,564.795,2025-03-11,13:26,Cash,537.9,4.7619,26.895,8.6
INV-B2502-1091,B,Mandalay,Member,Female,Electronic accessories,14.35,7,5.0225,105.4725,2025-02-21,12:22,Credit card,100.45,4.7619,5.0225,5.3
INV-A2502-1092,A,Yangon,Normal,Male,Electronic accessories,48.22,7,16.877,354.417,2025-02-13,19:47,Credit card,337.54,4.7619,16.877,9.1
INV-A2501-1093,A,Yangon,Normal,Female,Health and beauty,15.6,2,1.56,32.76,2025-01-31,18:22,Cash,31.2,4.7619,1.56,5.4
INV-B2501-1094,B,Mandalay,Member,Female,Fashion accessories,20.58,2,2.058,43.218,2025-01-16,20:05,Credit card,41.16,4.7619,2.058,9.3
INV-A2501-1095,A,Yangon,Normal,Female,Health and beauty,94.77,9,42.6465,895.5765,2025-01-27,11:02,Cash,852.93,4.7619,42.6465,5.1
INV-A2501-1096,A,Yangon,Member,Male,Food and beverages,29.11,5,7.2775,152.8275,2025-01-09,12:45,Cash,145.55,4.7619,7.2775,6.0
INV-C2502-1097,C,Naypyitaw,Member,Female,Food and beverages,66.17,10,33.085,694.785,2025-02-14,15:29,Ewallet,661.7,4.7619,33.085,8.0
INV-B2501-1098,B,Mandalay,Normal,Male,Fashion accessories,49.63,3,7.4445,156.3345,2025-01-02,19:48,Credit card,148.89,4.7619,7.4445,9.1
INV-B2502-1099,B,Mandalay,Normal,Male,Electronic accessories,57.25,3,8.5875,180.3375,2025-02-26,12:12,Credit card,171.75,4.7619,8.5875,7.7
INV-C2501-1100,C,Naypyitaw,Normal,Female,Electronic accessories,25.02,6,7.506,157.626,2025-01-11,16:07,Cash,150.12,4.7619,7.506,5.1
INV-B2501-1101,B,Mandalay,Normal,Male,Food and beverages,53.74,3,8.061,169.281,2025-01-22,16:41,Cash,161.22,4.7619,8.061,6.7
INV-B2502-1102,B,Mandalay,Member,Male,Food and beverages,62.94,5,15.735,330.435,2025-02-16,14:17,Ewallet,314.7,4.7619,15.735,8.0
INV-C2502-1103,C,Naypyitaw,Normal,Female,Home and lifestyle,38.05,6,11.415,239.715,2025-02-25,16:34,Ewallet,228.3,4.7619,11.415,4.0
INV-A2502-1104,A,Yangon,Normal,Female,Sports and travel,70.0,6,21.0,441.0,2025-02-19,18:16,Cash,420.0,4.7619,21.0,7.2
INV-B2502-1105,B,Mandalay,Normal,Male,Sports and travel,98.08,4,19.616,411.936,2025-02-01,13:36,Ewallet,392.32,4.7619,19.616,4.5
INV-C2502-1106,C,Naypyitaw,Member,Female,Sports and travel,68.18,6,20.454,429.534,2025-02-24,13:27,Ewallet,409.08,4.7619,20.454,8.2
INV-C2502-1107,C,Naypyitaw,Normal,Female,Fashion accessories,61.33,8,24.532,515.172,2025-02-16,11:07,Credit card,490.64,4.7619,24.532,8.2
INV-C2503-1108,C,Naypyitaw,Member,Male,Sports and travel,36.61,7,12.8135,269.0835,2025-03-05,16:42,Ewallet,256.27,4.7619,12.8135,6.7
INV-C2502-1109,C,Naypyitaw,Member,Female,Food and beverages,78.33,2,7.833,164.493,2025-02-26,11:20,Cash,156.66,4.7619,7.833,9.3
INV-C2503-1110,C,Naypyitaw,Member,Male,Electronic accessories,79.65,4,15.93,334.53,2025-03-07,12:49,Ewallet,318.6,4.7619,15.93,7.2
INV-B2501-1111,B,Mandalay,Normal,Female,Fashion accessories,19.42,9,8.739,183.519,2025-01-16,17:12,Cash,174.78,4.7619,8.739,6.0
INV-C2501-1112,C,Naypyitaw,Member,Male,Home and lifestyle,31.41,10,15.705,329.805,2025-01-28,18:47,Ewallet,314.1,4.7619,15.705,4.6
INV-B2503-1113,B,Mandalay,Normal,Female,Home and lifestyle,87.88,1,4.394,92.274,2025-03-12,17:58,Cash,87.88,4.7619,4.394,7.6
INV-B2501-1114,B,Mandalay,Member,Female,Health and beauty,98.45,8,39.38,826.98,2025-01-30,14:40,Cash,787.6,4.7619,39.38,6.0
INV-C2501-1115,C,Naypyitaw,Normal,Male,Food and beverages,68.34,5,17.085,358.785,2025-01-18,18:24,Credit card,341.7,4.7619,17.085,9.8
INV-B2501-1116,B,Mandalay,Member,Female,Electronic accessories,48.93,3,7.3395,154.1295,2025-01-22,20:09,Ewallet,146.79,4.7619,7.3395,7.1
INV-A2503-1117,A,Yangon,Member,Male,Fashion accessories,58.6,7,20.51,430.71,2025-03-10,11:41,Ewallet,410.2,4.7619,20.51,4.1
INV-B2503-1118,B,Mandalay,Member,Male,Electronic accessories,63.04,3,9.456,198.576,2025-03-21,18:47,Credit card,189.12,4.7619,9.456,4.3
INV-A2503-1119,A,Yangon,Member,Male,Health and beauty,14.71,8,5.884,123.564,2025-03-05,17:56,Cash,117.68,4.7619,5.884,9.0
INV-C2501-1120,C,Naypyitaw,Normal,Female,Sports and travel,40.8,4,8.16,171.36,2025-01-05,16:50,Cash,163.2,4.7619,8.16,9.9
INV-C2503-1121,C,Naypyitaw,Member,Male,Fashion accessories,67.42,1,3.371,70.791,2025-03-28,12:29,Cash,67.42,4.7619,3.371,9.6
INV-B2503-1122,B,Mandalay,Normal,Male,Home and lifestyle,37.15,10,18.575,390.075,2025-03-08,15:55,Credit card,371.5,4.7619,18.575,4.9
INV-B2503-1123,B,Mandalay,Member,Female,Fashion accessories,96.96,4,19.392,407.232,2025-03-12,12:43,Credit card,387.84,4.7619,19.392,8.8
INV-A2501-1124,A,Yangon,Normal,Female,Home and lifestyle,44.4,3,6.66,139.86,2025-01-01,18:06,Credit card,133.2,4.7619,6.66,5.3
INV-B2503-1125,B,Mandalay,Normal,Male,Food and beverages,79.17,6,23.751,498.771,2025-03-27,20:40,Credit card,475.02,4.7619,23.751,4.3
INV-B2502-1126,B,Mandalay,Member,Female,Home and lifestyle,12.0,3,1.8,37.8,2025-02-19,17:53,Cash,36.0,4.7619,1.8,4.3
INV-C2502-1127,C,Naypyitaw,Member,Male,Home and lifestyle,45.9,6,13.77,289.17,2025-02-25,10:12,Cash,275.4,4.7619,13.77,6.7
INV-B2503-1128,B,Mandalay,Member,Female,Sports and travel,14.67,1,0.7335,15.4035,2025-03-22,17:46,Ewallet,14.67,4.7619,0.7335,4.7
INV-A2503-1129,A,Yangon,Member,Female,Electronic accessories,15.83,6,4.749,99.729,2025-03-24,16:57,Cash,94.98,4.7619,4.749,6.1
INV-A2502-1130,A,Yangon,Normal,Male,Electronic accessories,34.83,6,10.449,219.429,2025-02-01,16:24,Credit card,208.98,4.7619,10.449,5.5
INV-B2501-1131,B,Mandalay,Normal,Female,Sports and travel,73.57,2,7.357,154.497,2025-01-17,11:50,Cash,147.14,4.7619,7.357,9.6
INV-A2502-1132,A,Yangon,Normal,Female,Home and lifestyle,71.37,10,35.685,749.385,2025-02-12,15:29,Cash,713.7,4.7619,35.685,5.4
INV-C2503-1133,C,Naypyitaw,Normal,Female,Food and beverages,63.1,9,28.395,596.295,2025-03-14,10:15,Cash,567.9,4.7619,28.395,5.1
INV-B2502-1134,B,Mandalay,Normal,Female,Sports and travel,40.8,3,6.12,128.52,2025-02-04,20:24,Cash,122.4,4.7619,6.12,4.5
INV-C2503-1135,C,Naypyitaw,Normal,Female,Fashion accessories,52.54,10,26.27,551.67,2025-03-15,10:05,Cash,525.4,4.7619,26.27,6.0
INV-B2502-1136,B,Mandalay,Member,Male,Electronic accessories,93.65,10,46.825,983.325,2025-02-21,19:22,Credit card,936.5,4.7619,46.825,9.0
INV-B2501-1137,B,Mandalay,Normal,Female,Health and beauty,57.27,2,5.727,120.267,2025-01-07,18:06,Cash,114.54,4.7619,5.727,4.9
INV-C2502-1138,C,Naypyitaw,Normal,Female,Food and beverages,11.25,3,1.6875,35.4375,2025-02-15,17:18,Credit card,33.75,4.7619,1.6875,5.2
INV-C2501-1139,C,Naypyitaw,Normal,Female,Sports and travel,89.38,4,17.876,375.396,2025-01-20,18:18,Credit card,357.52,4.7619,17.876,8.8
INV-C2503-1140,C,Naypyitaw,Normal,Male,Health and beauty,85.89,3,12.8835,270.5535,2025-03-18,11:29,Credit card,257.67,4.7619,12.8835,8.2
INV-C2501-1141,C,Naypyitaw,Normal,Female,Health and beauty,88.43,3,13.2645,278.5545,2025-01-14,10:45,Cash,265.29,4.7619,13.2645,6.5
INV-B2501-1142,B,Mandalay,Member,Male,Fashion accessories,13.2,9,5.94,124.74,2025-01-31,12:39,Credit card,118.8,4.7619,5.94,7.8
INV-A2501-1143,A,Yangon,Normal,Female,Food and beverages,89.58,3,13.437,282.177,2025-01-27,17:08,Credit card,268.74,4.7619,13.437,6.0
INV-B2501-1144,B,Mandalay,Normal,Male,Health and beauty,68.98,8,27.592,579.432,2025-01-28,18:00,Ewallet,551.84,4.7619,27.592,7.5
INV-C2502-1145,C,Naypyitaw,Normal,Female,Sports and travel,95.05,10,47.525,998.025,2025-02-15,19:00,Ewallet,950.5,4.7619,47.525,9.7
INV-A2503-1146,A,Yangon,Normal,Female,Health and beauty,31.27,7,10.9445,229.8345,2025-03-30,20:39,Cash,218.89,4.7619,10.9445,7.8
INV-A2502-1147,A,Yangon,Member,Female,Home and lifestyle,93.82,2,9.382,197.022,2025-02-22,14:38,Cash,187.64,4.7619,9.382,5.6
INV-B2501-1148,B,Mandalay,Normal,Female,Food and beverages,30.82,2,3.082,64.722,2025-01-29,13:56,Ewallet,61.64,4.7619,3.082,5.9
INV-B2502-1149,B,Mandalay,Member,Male,Home and lifestyle,51.85,2,5.185,108.885,2025-02-15,15:36,Cash,103.7,4.7619,5.185,5.1
INV-B2502-1150,B,Mandalay,Normal,Female,Home and lifestyle,36.88,1,1.844,38.724,2025-02-18,16:14,Ewallet,36.88,4.7619,1.844,4.4
INV-C2501-1151,C,Naypyitaw,Normal,Male,Fashion accessories,50.45,2,5.045,105.945,2025-01-31,11:01,Credit card,100.9,4.7619,5.045,5.9
INV-B2502-1152,B,Mandalay,Normal,Male,Health and beauty,25.26,2,2.526,53.046,2025-02-09,19:35,Cash,50.52,4.7619,2.526,7.4
INV-B2503-1153,B,Mandalay,Member,Male,Fashion accessories,39.06,2,3.906,82.026,2025-03-12,18:23,Credit card,78.12,4.7619,3.906,7.4
INV-C2501-1154,C,Naypyitaw,Member,Male,Electronic accessories,27.84,5,6.96,146.16,2025-01-16,19:52,Credit card,139.2,4.7619,6.96,7.2
INV-C2502-1155,C,Naypyitaw,Normal,Female,Health and beauty,92.41,5,23.1025,485.1525,2025-02-03,18:11,Ewallet,462.05,4.7619,23.1025,6.2
INV-C2503-1156,C,Naypyitaw,Member,Male,Home and lifestyle,63.29,1,3.1645,66.4545,2025-03-21,17:41,Credit card,63.29,4.7619,3.1645,6.0
INV-C2502-1157,C,Naypyitaw,Member,Male,Food and beverages,14.91,8,5.964,125.244,2025-02-05,11:02,Credit card,119.28,4.7619,5.964,7.4
INV-C2503-1158,C,Naypyitaw,Member,Male,Fashion accessories,38.21,5,9.5525,200.6025,2025-03-21,18:58,Ewallet,191.05,4.7619,9.5525,5.0
INV-A2502-1159,A,Yangon,Normal,Male,Sports and travel,72.47,2,7.247,152.187,2025-02-07,18:42,Credit card,144.94,4.7619,7.247,9.7
INV-C2502-1160,C,Naypyitaw,Normal,Male,Sports and travel,63.59,5,15.8975,333.8475,2025-02-21,16:07,Cash,317.95,4.7619,15.8975,9.8
INV-C2502-1161,C,Naypyitaw,Normal,Male,Fashion accessories,92.59,9,41.6655,874.9755,2025-02-20,13:31,Cash,833.31,4.7619,41.6655,7.2
INV-A2503-1162,A,Yangon,Normal,Female,Electronic accessories,29.54,2,2.954,62.034,2025-03-30,18:01,Cash,59.08,4.7619,2.954,4.1
INV-C2501-1163,C,Naypyitaw,Normal,Female,Electronic accessories,47.78,3,7.167,150.507,2025-01-29,16:42,Ewallet,143.34,4.7619,7.167,6.1
INV-C2503-1164,C,Naypyitaw,Member,Female,Fashion accessories,40.45,2,4.045,84.945,2025-03-30,11:26,Cash,80.9,4.7619,4.045,4.4
INV-C2501-1165,C,Naypyitaw,Normal,Female,Fashion accessories,75.4,7,26.39,554.19,2025-01-15,11:13,Cash,527.8,4.7619,26.39,4.7
INV-B2501-1166,B,Mandalay,Member,Female,Health and beauty,19.4,8,7.76,162.96,2025-01-18,20:22,Cash,155.2,4.7619,7.76,5.7
INV-A2503-1167,A,Yangon,Normal,Male,Home and lifestyle,22.72,1,1.136,23.856,2025-03-08,18:18,Ewallet,22.72,4.7619,1.136,6.1
INV-C2502-1168,C,Naypyitaw,Member,Female,Home and lifestyle,83.97,2,8.397,176.337,2025-02-17,15:53,Credit card,167.94,4.7619,8.397,8.9
INV-C2503-1169,C,Naypyitaw,Normal,Male,Sports and travel,30.37,5,7.5925,159.4425,2025-03-13,11:42,Ewallet,151.85,4.7619,7.5925,6.2
INV-A2502-1170,A,Yangon,Normal,Male,Fashion accessories,91.3,1,4.565,95.865,2025-02-07,18:41,Cash,91.3,4.7619,4.565,9.8
INV-C2503-1171,C,Naypyitaw,Member,Male,Electronic accessories,18.16,4,3.632,76.272,2025-03-02,15:37,Credit card,72.64,4.7619,3.632,8.3
INV-C2503-1172,C,Naypyitaw,Member,Female,Sports and travel,43.61,10,21.805,457.905,2025-03-04,19:17,Credit card,436.1,4.7619,21.805,4.9
INV-C2502-1173,C,Naypyitaw,Member,Female,Food and beverages,31.13,7,10.8955,228.8055,2025-02-22,17:10,Ewallet,217.91,4.7619,10.8955,7.0
INV-C2501-1174,C,Naypyitaw,Normal,Male,Sports and travel,18.9,8,7.56,158.76,2025-01-16,16:59,Credit card,151.2,4.7619,7.56,6.3
INV-C2502-1175,C,Naypyitaw,Normal,Female,Home and lifestyle,22.03,10,11.015,231.315,2025-02-13,15:41,Credit card,220.3,4.7619,11.015,5.5
INV-A2503-1176,A,Yangon,Member,Female,Home and lifestyle,72.12,7,25.242,530.082,2025-03-16,12:22,Ewallet,504.84,4.7619,25.242,7.2
INV-A2502-1177,A,Yangon,Member,Male,Electronic accessories,49.1,10,24.55,515.55,2025-02-25,15:34,Ewallet,491.0,4.7619,24.55,6.5
INV-C2503-1178,C,Naypyitaw,Normal,Male,Fashion accessories,17.56,9,7.902,165.942,2025-03-08,18:31,Credit card,158.04,4.7619,7.902,5.4
INV-A2503-1179,A,Yangon,Member,Female,Electronic accessories,88.17,5,22.0425,462.8925,2025-03-08,19:49,Cash,440.85,4.7619,22.0425,7.9
INV-C2502-1180,C,Naypyitaw,Member,Female,Home and lifestyle,71.68,5,17.92,376.32,2025-02-22,17:57,Credit card,358.4,4.7619,17.92,6.3
INV-B2501-1181,B,Mandalay,Member,Male,Electronic accessories,82.09,5,20.5225,430.9725,2025-01-05,12:20,Cash,410.45,4.7619,20.5225,8.1
INV-A2503-1182,A,Yangon,Normal,Male,Home and lifestyle,42.21,7,14.7735,310.2435,2025-03-23,12:08,Cash,295.47,4.7619,14.7735,6.5
INV-C2503-1183,C,Naypyitaw,Member,Female,Home and lifestyle,49.56,1,2.478,52.038,2025-03-01,18:43,Ewallet,49.56,4.7619,2.478,9.3
INV-B2503-1184,B,Mandalay,Normal,Female,Home and lifestyle,89.56,2,8.956,188.076,2025-03-31,15:44,Cash,179.12,4.7619,8.956,5.1
INV-A2503-1185,A,Yangon,Member,Female,Food and beverages,75.16,10,37.58,789.18,2025-03-22,20:54,Ewallet,751.6,4.7619,37.58,6.7
INV-A2502-1186,A,Yangon,Normal,Female,Health and beauty,34.64,2,3.464,72.744,2025-02-08,14:28,Cash,69.28,4.7619,3.464,6.9
INV-B2501-1187,B,Mandalay,Normal,Female,Health and beauty,91.88,6,27.564,578.844,2025-01-15,11:18,Cash,551.28,4.7619,27.564,6.0
INV-C2501-1188,C,Naypyitaw,Normal,Male,Home and lifestyle,60.93,8,24.372,511.812,2025-01-28,15:41,Cash,487.44,4.7619,24.372,5.8
INV-A2502-1189,A,Yangon,Normal,Male,Sports and travel,78.85,4,15.77,331.17,2025-02-12,11:46,Credit card,315.4,4.7619,15.77,8.7
INV-A2501-1190,A,Yangon,Normal,Male,Health and beauty,51.97,4,10.394,218.274,2025-01-12,17:37,Cash,207.88,4.7619,10.394,8.1
INV-A2503-1191,A,Yangon,Member,Male,Electronic accessories,51.44,9,23.148,486.108,2025-03-05,15:05,Credit card,462.96,4.7619,23.148,7.4
INV-C2502-1192,C,Naypyitaw,Member,Female,Electronic accessories,56.1,4,11.22,235.62,2025-02-03,14:12,Credit card,224.4,4.7619,11.22,6.1
INV-B2502-1193,B,Mandalay,Normal,Female,Electronic accessories,21.74,1,1.087,22.827,2025-02-13,18:16,Credit card,21.74,4.7619,1.087,9.1
INV-A2503-1194,A,Yangon,Normal,Male,Fashion accessories,98.6,7,34.51,724.71,2025-03-04,16:40,Credit card,690.2,4.7619,34.51,9.0
INV-A2503-1195,A,Yangon,Member,Male,Electronic accessories,18.32,6,5.496,115.416,2025-03-06,10:21,Cash,109.92,4.7619,5.496,8.7
INV-C2503-1196,C,Naypyitaw,Normal,Male,Home and lifestyle,53.11,3,7.9665,167.2965,2025-03-14,20:49,Cash,159.33,4.7619,7.9665,6.4
INV-C2503-1197,C,Naypyitaw,Member,Female,Sports and travel,76.34,9,34.353,721.413,2025-03-17,13:02,Ewallet,687.06,4.7619,34.353,8.0
INV-B2501-1198,B,Mandalay,Normal,Female,Fashion accessories,17.41,8,6.964,146.244,2025-01-09,15:48,Ewallet,139.28,4.7619,6.964,7.9
INV-A2503-1199,A,Yangon,Normal,Male,Electronic accessories,19.99,6,5.997,125.937,2025-03-04,19:53,Ewallet,119.94,4.7619,5.997,9.5
INV-B2503-1200,B,Mandalay,Normal,Female,Fashion accessories,36.56,10,18.28,383.88,2025-03-08,13:46,Cash,365.6,4.7619,18.28,8.1
INV-A2501-1201,A,Yangon,Member,Male,Electronic accessories,16.3,4,3.26,68.46,2025-01-07,13:09,Credit card,65.2,4.7619,3.26,7.3
INV-B2503-1202,B,Mandalay,Member,Female,Home and lifestyle,63.31,5,15.8275,332.3775,2025-03-05,20:01,Credit card,316.55,4.7619,15.8275,10.0
INV-C2503-1203,C,Naypyitaw,Normal,Male,Fashion accessories,31.19,7,10.9165,229.2465,2025-03-28,10:26,Credit card,218.33,4.7619,10.9165,6.7
INV-B2501-1204,B,Mandalay,Member,Male,Food and beverages,66.89,1,3.3445,70.2345,2025-01-22,12:57,Ewallet,66.89,4.7619,3.3445,4.4
INV-A2502-1205,A,Yangon,Normal,Female,Fashion accessories,56.98,7,19.943,418.803,2025-02-09,10:49,Cash,398.86,4.7619,19.943,5.2
INV-B2501-1206,B,Mandalay,Normal,Male,Fashion accessories,23.14,5,5.785,121.485,2025-01-10,11:37,Cash,115.7,4.7619,5.785,7.2
INV-B2501-1207,B,Mandalay,Normal,Female,Health and beauty,43.12,4,8.624,181.104,2025-01-18,16:49,Credit card,172.48,4.7619,8.624,8.6
INV-C2502-1208,C,Naypyitaw,Normal,Male,Fashion accessories,52.91,7,18.5185,388.8885,2025-02-13,15:52,Ewallet,370.37,4.7619,18.5185,4.8
INV-A2503-1209,A,Yangon,Member,Male,Sports and travel,64.33,9,28.9485,607.9185,2025-03-09,12:55,Ewallet,578.97,4.7619,28.9485,7.2
INV-C2502-1210,C,Naypyitaw,Normal,Female,Fashion accessories,85.89,9,38.6505,811.6605,2025-02-14,12:20,Cash,773.01,4.7619,38.6505,5.4
INV-A2502-1211,A,Yangon,Normal,Female,Fashion accessories,14.03,2,1.403,29.463,2025-02-06,20:45,Cash,28.06,4.7619,1.403,6.2
INV-A2502-1212,A,Yangon,Normal,Male,Home and lifestyle,28.67,7,10.0345,210.7245,2025-02-12,20:54,Credit card,200.69,4.7619,10.0345,4.2
INV-A2503-1213,A,Yangon,Normal,Male,Electronic accessories,69.12,2,6.912,145.152,2025-03-08,16:03,Credit card,138.24,4.7619,6.912,4.4
INV-C2503-1214,C,Naypyitaw,Normal,Male,Electronic accessories,81.24,6,24.372,511.812,2025-03-14,10:03,Credit card,487.44,4.7619,24.372,7.0
INV-A2503-1215,A,Yangon,Normal,Female,Food and beverages,57.09,3,8.5635,179.8335,2025-03-19,17:10,Cash,171.27,4.7619,8.5635,7.7
INV-C2502-1216,C,Naypyitaw,Normal,Female,Health and beauty,44.72,10,22.36,469.56,2025-02-16,12:34,Ewallet,447.2,4.7619,22.36,9.1
INV-C2501-1217,C,Naypyitaw,Member,Male,Sports and travel,39.48,6,11.844,248.724,2025-01-23,13:20,Credit card,236.88,4.7619,11.844,4.5
INV-C2502-1218,C,Naypyitaw,Member,Male,Health and beauty,23.49,3,3.5235,73.9935,2025-02-14,12:18,Ewallet,70.47,4.7619,3.5235,9.2
INV-C2502-1219,C,Naypyitaw,Member,Male,Food and beverages,64.62,6,19.386,407.106,2025-02-05,18:29,Ewallet,387.72,4.7619,19.386,4.9
INV-B2501-1220,B,Mandalay,Normal,Male,Health and beauty,29.64,8,11.856,248.976,2025-01-31,14:13,Credit card,237.12,4.7619,11.856,8.4
INV-B2503-1221,B,Mandalay,Member,Female,Home and lifestyle,68.8,4,13.76,288.96,2025-03-27,10:52,Ewallet,275.2,4.7619,13.76,6.2
INV-B2503-1222,B,Mandalay,Normal,Male,Electronic accessories,91.73,9,41.2785,866.8485,2025-03-29,19:22,Cash,825.57,4.7619,41.2785,7.3
INV-C2502-1223,C,Naypyitaw,Member,Female,Home and lifestyle,14.65,7,5.1275,107.6775,2025-02-27,18:15,Credit card,102.55,4.7619,5.1275,4.0
INV-A2503-1224,A,Yangon,Normal,Female,Health and beauty,66.93,1,3.3465,70.2765,2025-03-16,18:28,Ewallet,66.93,4.7619,3.3465,8.1
INV-B2503-1225,B,Mandalay,Normal,Male,Electronic accessories,88.97,3,13.3455,280.2555,2025-03-16,10:48,Credit card,266.91,4.7619,13.3455,8.0
INV-C2503-1226,C,Naypyitaw,Member,Male,Home and lifestyle,46.44,10,23.22,487.62,2025-03-09,11:02,Credit card,464.4,4.7619,23.22,7.0
INV-A2503-1227,A,Yangon,Member,Female,Food and beverages,69.8,9,31.41,659.61,2025-03-05,20:40,Credit card,628.2,4.7619,31.41,6.6
INV-B2502-1228,B,Mandalay,Member,Male,Fashion accessories,19.25,4,3.85,80.85,2025-02-18,19:22,Cash,77.0,4.7619,3.85,4.2
INV-C2501-1229,C,Naypyitaw,Member,Female,Food and beverages,87.9,1,4.395,92.295,2025-01-23,10:09,Ewallet,87.9,4.7619,4.395,8.8
INV-C2501-1230,C,Naypyitaw,Member,Male,Electronic accessories,40.33,6,12.099,254.079,2025-01-15,11:03,Cash,241.98,4.7619,12.099,5.0
INV-C2503-1231,C,Naypyitaw,Normal,Male,Sports and travel,23.5,8,9.4,197.4,2025-03-03,20:40,Ewallet,188.0,4.7619,9.4,5.7
INV-B2503-1232,B,Mandalay,Normal,Female,Fashion accessories,12.96,8,5.184,108.864,2025-03-06,10:11,Ewallet,103.68,4.7619,5.184,7.0
INV-B2503-1233,B,Mandalay,Normal,Female,Electronic accessories,30.42,6,9.126,191.646,2025-03-12,10:14,Ewallet,182.52,4.7619,9.126,6.9
INV-A2503-1234,A,Yangon,Member,Female,Sports and travel,64.62,10,32.31,678.51,2025-03-19,19:16,Ewallet,646.2,4.7619,32.31,9.7
INV-B2503-1235,B,Mandalay,Normal,Male,Home and lifestyle,51.54,6,15.462,324.702,2025-03-07,17:43,Ewallet,309.24,4.7619,15.462,4.9
INV-C2501-1236,C,Naypyitaw,Member,Female,Sports and travel,92.01,5,23.0025,483.0525,2025-01-15,11:45,Credit card,460.05,4.7619,23.0025,9.8
INV-B2502-1237,B,Mandalay,Member,Female,Health and beauty,16.53,8,6.612,138.852,2025-02-28,12:44,Credit card,132.24,4.7619,6.612,8.0
INV-A2503-1238,A,Yangon,Normal,Male,Food and beverages,77.55,10,38.775,814.275,2025-03-21,17:19,Credit card,775.5,4.7619,38.775,6.2
INV-A2503-1239,A,Yangon,Member,Female,Food and beverages,99.0,10,49.5,1039.5,2025-03-19,20:14,Credit card,990.0,4.7619,49.5,5.2
INV-B2502-1240,B,Mandalay,Normal,Female,Home and lifestyle,20.16,6,6.048,127.008,2025-02-26,15:42,Credit card,120.96,4.7619,6.048,9.8
INV-B2503-1241,B,Mandalay,Member,Female,Fashion accessories,53.92,6,16.176,339.696,2025-03-10,15:36,Credit card,323.52,4.7619,16.176,8.3
INV-B2502-1242,B,Mandalay,Normal,Female,Home and lifestyle,14.31,6,4.293,90.153,2025-02-12,12:13,Credit card,85.86,4.7619,4.293,8.5
INV-C2502-1243,C,Naypyitaw,Normal,Male,Home and lifestyle,38.41,1,1.9205,40.3305,2025-02-03,14:42,Cash,38.41,4.7619,1.9205,6.9
INV-B2503-1244,B,Mandalay,Normal,Female,Fashion accessories,32.54,1,1.627,34.167,2025-03-26,18:07,Cash,32.54,4.7619,1.627,8.7
INV-C2502-1245,C,Naypyitaw,Member,Female,Sports and travel,67.86,8,27.144,570.024,2025-02-22,15:20,Ewallet,542.88,4.7619,27.144,5.4
INV-A2502-1246,A,Yangon,Member,Female,Fashion accessories,34.2,7,11.97,251.37,2025-02-13,15:20,Ewallet,239.4,4.7619,11.97,8.5
INV-B2501-1247,B,Mandalay,Normal,Female,Health and beauty,65.35,10,32.675,686.175,2025-01-01,10:28,Credit card,653.5,4.7619,32.675,5.0
INV-C2503-1248,C,Naypyitaw,Member,Male,Fashion accessories,44.56,4,8.912,187.152,2025-03-12,13:07,Ewallet,178.24,4.7619,8.912,5.2
INV-B2502-1249,B,Mandalay,Normal,Male,Home and lifestyle,59.46,2,5.946,124.866,2025-02-18,13:12,Ewallet,118.92,4.7619,5.946,6.4
INV-B2502-1250,B,Mandalay,Normal,Female,Food and beverages,26.26,9,11.817,248.157,2025-02-18,20:14,Ewallet,236.34,4.7619,11.817,6.5
INV-B2502-1251,B,Mandalay,Member,Female,Health and beauty,85.34,8,34.136,716.856,2025-02-27,12:12,Cash,682.72,4.7619,34.136,5.6
INV-B2501-1252,B,Mandalay,Member,Female,Electronic accessories,77.09,1,3.8545,80.9445,2025-01-11,15:52,Ewallet,77.09,4.7619,3.8545,9.9
INV-A2501-1253,A,Yangon,Normal,Male,Food and beverages,56.19,4,11.238,235.998,2025-01-12,10:00,Cash,224.76,4.7619,11.238,4.9
INV-C2503-1254,C,Naypyitaw,Normal,Male,Fashion accessories,64.11,6,19.233,403.893,2025-03-08,19:08,Cash,384.66,4.7619,19.233,9.9
INV-C2503-1255,C,Naypyitaw,Member,Male,Home and lifestyle,50.02,9,22.509,472.689,2025-03-14,15:55,Ewallet,450.18,4.7619,22.509,4.5
INV-A2502-1256,A,Yangon,Member,Female,Fashion accessories,29.05,1,1.4525,30.5025,2025-02-01,19:21,Cash,29.05,4.7619,1.4525,9.6
INV-B2503-1257,B,Mandalay,Member,Male,Home and lifestyle,32.78,5,8.195,172.095,2025-03-03,19:30,Ewallet,163.9,4.7619,8.195,9.7
INV-B2501-1258,B,Mandalay,Normal,Male,Fashion accessories,30.16,3,4.524,95.004,2025-01-18,10:56,Ewallet,90.48,4.7619,4.524,5.8
INV-C2503-1259,C,Naypyitaw,Normal,Female,Health and beauty,85.76,5,21.44,450.24,2025-03-13,11:52,Cash,428.8,4.7619,21.44,6.1
INV-C2501-1260,C,Naypyitaw,Member,Male,Electronic accessories,43.27,10,21.635,454.335,2025-01-03,17:54,Cash,432.7,4.7619,21.635,8.5
INV-C2503-1261,C,Naypyitaw,Normal,Male,Electronic accessories,69.43,8,27.772,583.212,2025-03-18,17:30,Ewallet,555.44,4.7619,27.772,5.3
INV-B2501-1262,B,Mandalay,Member,Female,Home and lifestyle,11.23,2,1.123,23.583,2025-01-04,13:07,Ewallet,22.46,4.7619,1.123,9.9
INV-C2502-1263,C,Naypyitaw,Member,Male,Food and beverages,58.5,6,17.55,368.55,2025-02-04,20:54,Cash,351.0,4.7619,17.55,9.7
INV-C2502-1264,C,Naypyitaw,Member,Female,Electronic accessories,41.74,10,20.87,438.27,2025-02-02,10:13,Credit card,417.4,4.7619,20.87,6.4
INV-C2503-1265,C,Naypyitaw,Normal,Female,Food and beverages,35.39,8,14.156,297.276,2025-03-02,20:43,Cash,283.12,4.7619,14.156,6.6
INV-B2501-1266,B,Mandalay,Normal,Male,Health and beauty,41.38,1,2.069,43.449,2025-01-28,13:06,Credit card,41.38,4.7619,2.069,5.0
INV-A2501-1267,A,Yangon,Normal,Male,Health and beauty,88.01,6,26.403,554.463,2025-01-29,16:39,Ewallet,528.06,4.7619,26.403,6.6
INV-A2501-1268,A,Yangon,Normal,Male,Food and beverages,32.15,10,16.075,337.575,2025-01-26,18:13,Cash,321.5,4.7619,16.075,5.6
INV-B2502-1269,B,Mandalay,Member,Female,Sports and travel,43.84,9,19.728,414.288,2025-02-06,13:05,Credit card,394.56,4.7619,19.728,9.7
INV-C2501-1270,C,Naypyitaw,Normal,Female,Fashion accessories,82.16,10,41.08,862.68,2025-01-27,20:23,Ewallet,821.6,4.7619,41.08,9.5
INV-B2502-1271,B,Mandalay,Member,Male,Electronic accessories,53.42,2,5.342,112.182,2025-02-09,12:13,Cash,106.84,4.7619,5.342,4.3
INV-C2501-1272,C,Naypyitaw,Normal,Male,Fashion accessories,28.79,6,8.637,181.377,2025-01-22,16:25,Ewallet,172.74,4.7619,8.637,9.5
INV-A2503-1273,A,Yangon,Member,Male,Home and lifestyle,76.1,9,34.245,719.145,2025-03-22,18:00,Cash,684.9,4.7619,34.245,6.6
INV-C2503-1274,C,Naypyitaw,Member,Male,Sports and travel,62.13,1,3.1065,65.2365,2025-03-07,10:18,Cash,62.13,4.7619,3.1065,6.5
INV-C2502-1275,C,Naypyitaw,Normal,Male,Fashion accessories,48.14,9,21.663,454.923,2025-02-07,16:41,Cash,433.26,4.7619,21.663,7.7
INV-B2503-1276,B,Mandalay,Member,Female,Health and beauty,32.75,8,13.1,275.1,2025-03-02,15:06,Cash,262.0,4.7619,13.1,7.3
INV-A2503-1277,A,Yangon,Member,Female,Home and lifestyle,21.19,2,2.119,44.499,2025-03-08,17:03,Cash,42.38,4.7619,2.119,9.4
INV-A2502-1278,A,Yangon,Member,Female,Electronic accessories,64.81,3,9.7215,204.1515,2025-02-15,10:30,Ewallet,194.43,4.7619,9.7215,7.9
INV-B2501-1279,B,Mandalay,Normal,Male,Food and beverages,93.03,4,18.606,390.726,2025-01-21,19:14,Credit card,372.12,4.7619,18.606,9.2
INV-C2501-1280,C,Naypyitaw,Normal,Male,Electronic accessories,71.51,2,7.151,150.171,2025-01-06,18:02,Cash,143.02,4.7619,7.151,4.6
INV-B2501-1281,B,Mandalay,Normal,Female,Home and lifestyle,41.72,4,8.344,175.224,2025-01-08,14:24,Credit card,166.88,4.7619,8.344,7.6
INV-A2501-1282,A,Yangon,Normal,Female,Home and lifestyle,41.85,2,4.185,87.885,2025-01-14,14:01,Ewallet,83.7,4.7619,4.185,9.7
INV-A2501-1283,A,Yangon,Normal,Female,Food and beverages,87.01,6,26.103,548.163,2025-01-24,19:52,Credit card,522.06,4.7619,26.103,7.7
INV-C2503-1284,C,Naypyitaw,Member,Male,Health and beauty,30.79,7,10.7765,226.3065,2025-03-09,13:00,Cash,215.53,4.7619,10.7765,4.3
INV-C2501-1285,C,Naypyitaw,Member,Female,Fashion accessories,20.14,8,8.056,169.176,2025-01-01,18:01,Ewallet,161.12,4.7619,8.056,6.3
INV-B2503-1286,B,Mandalay,Member,Female,Food and beverages,30.62,9,13.779,289.359,2025-03-26,15:06,Cash,275.58,4.7619,13.779,4.1
INV-B2501-1287,B,Mandalay,Normal,Male,Fashion accessories,83.93,9,37.7685,793.1385,2025-01-08,14:53,Ewallet,755.37,4.7619,37.7685,7.4
INV-C2502-1288,C,Naypyitaw,Normal,Male,Food and beverages,79.8,8,31.92,670.32,2025-02-05,13:49,Ewallet,638.4,4.7619,31.92,8.7
INV-C2503-1289,C,Naypyitaw,Member,Female,Health and beauty,43.24,9,19.458,408.618,2025-03-01,14:20,Credit card,389.16,4.7619,19.458,9.3
INV-C2503-1290,C,Naypyitaw,Member,Female,Food and beverages,75.05,6,22.515,472.815,2025-03-01,12:37,Credit card,450.3,4.7619,22.515,8.6
INV-A2503-1291,A,Yangon,Member,Female,Home and lifestyle,94.76,8,37.904,795.984,2025-03-21,19:01,Credit card,758.08,4.7619,37.904,8.1
INV-A2501-1292,A,Yangon,Member,Female,Health and beauty,87.79,10,43.895,921.795,2025-01-03,10:10,Ewallet,877.9,4.7619,43.895,8.8
INV-A2501-1293,A,Yangon,Member,Male,Food and beverages,56.08,3,8.412,176.652,2025-01-07,13:48,Cash,168.24,4.7619,8.412,5.2
INV-A2501-1294,A,Yangon,Member,Male,Electronic accessories,27.92,3,4.188,87.948,2025-01-07,19:10,Cash,83.76,4.7619,4.188,8.3
INV-B2502-1295,B,Mandalay,Normal,Male,Sports and travel,38.2,9,17.19,360.99,2025-02-24,11:09,Ewallet,343.8,4.7619,17.19,6.2
INV-B2503-1296,B,Mandalay,Normal,Male,Electronic accessories,78.94,5,19.735,414.435,2025-03-22,12:00,Cash,394.7,4.7619,19.735,6.8
INV-B2502-1297,B,Mandalay,Member,Male,Home and lifestyle,20.22,10,10.11,212.31,2025-02-18,10:53,Cash,202.2,4.7619,10.11,6.6
INV-B2503-1298,B,Mandalay,Member,Female,Fashion accessories,35.37,1,1.7685,37.1385,2025-03-31,10:52,Credit card,35.37,4.7619,1.7685,4.8
INV-A2503-1299,A,Yangon,Member,Male,Sports and travel,17.53,10,8.765,184.065,2025-03-06,17:49,Ewallet,175.3,4.7619,8.765,4.9
INV-C2503-1300,C,Naypyitaw,Normal,Female,Food and beverages,34.55,3,5.1825,108.8325,2025-03-18,18:44,Credit card,103.65,4.7619,5.1825,6.5
INV-B2503-1301,B,Mandalay,Member,Male,Fashion accessories,42.22,2,4.222,88.662,2025-03-11,16:56,Cash,84.44,4.7619,4.222,8.3
INV-B2501-1302,B,Mandalay,Member,Male,Health and beauty,12.78,3,1.917,40.257,2025-01-11,12:49,Credit card,38.34,4.7619,1.917,9.0
INV-A2502-1303,A,Yangon,Member,Male,Home and lifestyle,33.85,10,16.925,355.425,2025-02-25,18:18,Credit card,338.5,4.7619,16.925,5.6
INV-A2502-1304,A,Yangon,Normal,Male,Fashion accessories,21.67,8,8.668,182.028,2025-02-16,12:55,Cash,173.36,4.7619,8.668,8.1
INV-B2503-1305,B,Mandalay,Member,Male,Health and beauty,27.59,9,12.4155,260.7255,2025-03-03,14:36,Ewallet,248.31,4.7619,12.4155,4.6
INV-A2502-1306,A,Yangon,Normal,Male,Food and beverages,70.03,6,21.009,441.189,2025-02-06,17:10,Credit card,420.18,4.7619,21.009,7.3
INV-A2503-1307,A,Yangon,Member,Female,Electronic accessories,25.64,5,6.41,134.61,2025-03-14,15:23,Credit card,128.2,4.7619,6.41,7.8
INV-C2503-1308,C,Naypyitaw,Member,Female,Food and beverages,24.9,4,4.98,104.58,2025-03-31,17:44,Ewallet,99.6,4.7619,4.98,7.2
INV-B2503-1309,B,Mandalay,Normal,Male,Health and beauty,17.0,6,5.1,107.1,2025-03-13,20:56,Credit card,102.0,4.7619,5.1,9.2
INV-C2501-1310,C,Naypyitaw,Member,Male,Electronic accessories,17.04,9,7.668,161.028,2025-01-22,10:56,Credit card,153.36,4.7619,7.668,4.7
INV-B2502-1311,B,Mandalay,Member,Male,Home and lifestyle,56.61,5,14.1525,297.2025,2025-02-27,19:49,Credit card,283.05,4.7619,14.1525,8.2
INV-C2502-1312,C,Naypyitaw,Member,Female,Fashion accessories,15.68,7,5.488,115.248,2025-02-04,12:10,Credit card,109.76,4.7619,5.488,8.8
INV-C2502-1313,C,Naypyitaw,Normal,Female,Electronic accessories,47.79,5,11.9475,250.8975,2025-02-05,15:09,Credit card,238.95,4.7619,11.9475,8.5
INV-B2501-1314,B,Mandalay,Member,Female,Electronic accessories,85.65,7,29.9775,629.5275,2025-01-19,14:26,Credit card,599.55,4.7619,29.9775,5.2
INV-A2503-1315,A,Yangon,Member,Male,Sports and travel,28.99,4,5.798,121.758,2025-03-09,10:27,Credit card,115.96,4.7619,5.798,9.4
INV-C2503-1316,C,Naypyitaw,Member,Female,Food and beverages,80.81,9,36.3645,763.6545,2025-03-18,13:37,Ewallet,727.29,4.7619,36.3645,4.5
INV-B2501-1317,B,Mandalay,Normal,Male,Fashion accessories,74.92,6,22.476,471.996,2025-01-24,20:09,Ewallet,449.52,4.7619,22.476,7.8
INV-A2502-1318,A,Yangon,Member,Female,Electronic accessories,19.84,4,3.968,83.328,2025-02-12,10:22,Ewallet,79.36,4.7619,3.968,8.8
INV-C2501-1319,C,Naypyitaw,Member,Female,Sports and travel,79.01,8,31.604,663.684,2025-01-18,12:55,Credit card,632.08,4.7619,31.604,8.4
INV-C2502-1320,C,Naypyitaw,Member,Female,Health and beauty,76.35,7,26.7225,561.1725,2025-02-05,10:33,Ewallet,534.45,4.7619,26.7225,7.3
INV-C2501-1321,C,Naypyitaw,Normal,Female,Fashion accessories,40.15,1,2.0075,42.1575,2025-01-13,18:30,Credit card,40.15,4.7619,2.0075,4.3
INV-B2501-1322,B,Mandalay,Normal,Female,Electronic accessories,94.31,6,28.293,594.153,2025-01-01,18:38,Cash,565.86,4.7619,28.293,5.7
INV-B2501-1323,B,Mandalay,Member,Female,Health and beauty,52.84,8,21.136,443.856,2025-01-18,12:14,Cash,422.72,4.7619,21.136,7.3
INV-A2501-1324,A,Yangon,Normal,Female,Fashion accessories,52.84,2,5.284,110.964,2025-01-30,19:27,Cash,105.68,4.7619,5.284,5.5
INV-A2503-1325,A,Yangon,Member,Male,Food and beverages,89.62,10,44.81,941.01,2025-03-20,15:21,Credit card,896.2,4.7619,44.81,5.7
INV-B2501-1326,B,Mandalay,Member,Female,Fashion accessories,56.33,2,5.633,118.293,2025-01-23,11:47,Cash,112.66,4.7619,5.633,5.2
INV-B2502-1327,B,Mandalay,Member,Male,Food and beverages,20.82,3,3.123,65.583,2025-02-26,19:46,Credit card,62.46,4.7619,3.123,9.8
INV-A2502-1328,A,Yangon,Member,Female,Health and beauty,27.87,6,8.361,175.581,2025-02-03,20:38,Ewallet,167.22,4.7619,8.361,6.1
INV-B2501-1329,B,Mandalay,Member,Male,Home and lifestyle,49.72,7,17.402,365.442,2025-01-12,14:46,Credit card,348.04,4.7619,17.402,4.7
INV-B2502-1330,B,Mandalay,Normal,Female,Health and beauty,85.02,10,42.51,892.71,2025-02-25,14:04,Credit card,850.2,4.7619,42.51,8.7
INV-A2501-1331,A,Yangon,Member,Female,Electronic accessories,49.97,10,24.985,524.685,2025-01-09,18:05,Cash,499.7,4.7619,24.985,4.2
INV-B2502-1332,B,Mandalay,Member,Male,Sports and travel,84.94,8,33.976,713.496,2025-02-08,15:46,Ewallet,679.52,4.7619,33.976,9.2
INV-C2503-1333,C,Naypyitaw,Normal,Male,Electronic accessories,30.34,8,12.136,254.856,2025-03-21,20:55,Ewallet,242.72,4.7619,12.136,5.8
INV-B2502-1334,B,Mandalay,Normal,Male,Health and beauty,29.83,7,10.4405,219.2505,2025-02-25,16:18,Ewallet,208.81,4.7619,10.4405,9.7
INV-A2503-1335,A,Yangon,Member,Female,Fashion accessories,35.89,1,1.7945,37.6845,2025-03-06,11:24,Ewallet,35.89,4.7619,1.7945,4.1
INV-A2501-1336,A,Yangon,Member,Female,Health and beauty,86.7,3,13.005,273.105,2025-01-02,12:55,Ewallet,260.1,4.7619,13.005,4.6
INV-C2502-1337,C,Naypyitaw,Normal,Male,Health and beauty,19.38,2,1.938,40.698,2025-02-17,19:50,Credit card,38.76,4.7619,1.938,8.1
INV-A2502-1338,A,Yangon,Member,Male,Food and beverages,43.5,1,2.175,45.675,2025-02-23,18:12,Cash,43.5,4.7619,2.175,5.0
INV-A2502-1339,A,Yangon,Member,Male,Home and lifestyle,39.03,1,1.9515,40.9815,2025-02-22,18:37,Cash,39.03,4.7619,1.9515,8.5
INV-C2502-1340,C,Naypyitaw,Normal,Female,Home and lifestyle,70.52,3,10.578,222.138,2025-02-07,12:16,Ewallet,211.56,4.7619,10.578,8.7
INV-A2502-1341,A,Yangon,Member,Male,Home and lifestyle,70.68,6,21.204,445.284,2025-02-26,10:47,Cash,424.08,4.7619,21.204,9.4
INV-C2501-1342,C,Naypyitaw,Member,Male,Electronic accessories,28.23,8,11.292,237.132,2025-01-16,10:38,Ewallet,225.84,4.7619,11.292,9.1
INV-A2503-1343,A,Yangon,Member,Female,Health and beauty,57.19,5,14.2975,300.2475,2025-03-18,14:13,Cash,285.95,4.7619,14.2975,9.2
INV-A2502-1344,A,Yangon,Normal,Female,Electronic accessories,80.35,9,36.1575,759.3075,2025-02-07,15:44,Cash,723.15,4.7619,36.1575,8.8
INV-B2502-1345,B,Mandalay,Normal,Male,Fashion accessories,17.23,10,8.615,180.915,2025-02-03,18:32,Credit card,172.3,4.7619,8.615,9.8
INV-B2502-1346,B,Mandalay,Normal,Female,Sports and travel,31.28,3,4.692,98.532,2025-02-07,18:15,Credit card,93.84,4.7619,4.692,6.9
INV-C2502-1347,C,Naypyitaw,Normal,Male,Sports and travel,35.42,8,14.168,297.528,2025-02-17,19:37,Credit card,283.36,4.7619,14.168,6.7
INV-A2503-1348,A,Yangon,Normal,Female,Health and beauty,57.94,2,5.794,121.674,2025-03-11,15:54,Cash,115.88,4.7619,5.794,8.2
INV-A2503-1349,A,Yangon,Member,Male,Sports and travel,44.73,4,8.946,187.866,2025-03-06,20:56,Ewallet,178.92,4.7619,8.946,5.5
INV-B2502-1350,B,Mandalay,Normal,Male,Home and lifestyle,76.81,8,30.724,645.204,2025-02-20,15:02,Cash,614.48,4.7619,30.724,6.6
INV-B2503-1351,B,Mandalay,Member,Female,Electronic accessories,24.28,1,1.214,25.494,2025-03-26,19:19,Cash,24.28,4.7619,1.214,7.7
INV-B2501-1352,B,Mandalay,Normal,Male,Health and beauty,60.44,3,9.066,190.386,2025-01-28,17:53,Cash,181.32,4.7619,9.066,8.4
INV-B2501-1353,B,Mandalay,Normal,Female,Fashion accessories,78.45,5,19.6125,411.8625,2025-01-09,12:33,Ewallet,392.25,4.7619,19.6125,5.9
INV-B2502-1354,B,Mandalay,Normal,Male,Electronic accessories,57.15,2,5.715,120.015,2025-02-12,13:22,Cash,114.3,4.7619,5.715,5.9
INV-C2503-1355,C,Naypyitaw,Member,Female,Electronic accessories,41.33,6,12.399,260.379,2025-03-12,14:39,Ewallet,247.98,4.7619,12.399,7.2
INV-B2503-1356,B,Mandalay,Member,Female,Electronic accessories,92.24,4,18.448,387.408,2025-03-05,14:46,Cash,368.96,4.7619,18.448,8.3
INV-A2503-1357,A,Yangon,Normal,Female,Electronic accessories,30.49,1,1.5245,32.0145,2025-03-26,16:39,Credit card,30.49,4.7619,1.5245,6.3
INV-A2503-1358,A,Yangon,Member,Female,Food and beverages,39.33,10,19.665,412.965,2025-03-08,17:50,Credit card,393.3,4.7619,19.665,5.2
INV-C2503-1359,C,Naypyitaw,Member,Female,Home and lifestyle,81.1,3,12.165,255.465,2025-03-30,18:16,Ewallet,243.3,4.7619,12.165,5.1
INV-C2503-1360,C,Naypyitaw,Member,Female,Home and lifestyle,85.21,3,12.7815,268.4115,2025-03-26,11:44,Cash,255.63,4.7619,12.7815,6.3
INV-A2503-1361,A,Yangon,Normal,Male,Sports and travel,17.34,9,7.803,163.863,2025-03-08,12:01,Cash,156.06,4.7619,7.803,6.1
INV-C2502-1362,C,Naypyitaw,Member,Male,Home and lifestyle,96.95,5,24.2375,508.9875,2025-02-15,19:36,Credit card,484.75,4.7619,24.2375,5.9
INV-A2501-1363,A,Yangon,Member,Male,Home and lifestyle,95.22,6,28.566,599.886,2025-01-04,16:12,Credit card,571.32,4.7619,28.566,9.4
INV-C2502-1364,C,Naypyitaw,Member,Male,Electronic accessories,27.28,9,12.276,257.796,2025-02-04,15:47,Ewallet,245.52,4.7619,12.276,7.3
INV-C2503-1365,C,Naypyitaw,Normal,Female,Home and lifestyle,13.7,8,5.48,115.08,2025-03-18,12:24,Credit card,109.6,4.7619,5.48,8.2
INV-B2503-1366,B,Mandalay,Member,Female,Home and lifestyle,23.45,4,4.69,98.49,2025-03-17,16:38,Cash,93.8,4.7619,4.69,7.2
INV-A2501-1367,A,Yangon,Normal,Male,Home and lifestyle,32.07,7,11.2245,235.7145,2025-01-23,11:42,Cash,224.49,4.7619,11.2245,6.3
INV-B2502-1368,B,Mandalay,Member,Male,Food and beverages,61.27,7,21.4445,450.3345,2025-02-25,15:13,Cash,428.89,4.7619,21.4445,9.5
INV-A2503-1369,A,Yangon,Normal,Male,Electronic accessories,10.79,3,1.6185,33.9885,2025-03-23,16:38,Credit card,32.37,4.7619,1.6185,9.1
INV-C2503-1370,C,Naypyitaw,Normal,Female,Food and beverages,83.63,9,37.6335,790.3035,2025-03-23,17:23,Cash,752.67,4.7619,37.6335,6.6
INV-C2502-1371,C,Naypyitaw,Member,Female,Fashion accessories,24.59,8,9.836,206.556,2025-02-04,12:38,Ewallet,196.72,4.7619,9.836,7.3
INV-B2503-1372,B,Mandalay,Normal,Male,Food and beverages,20.19,10,10.095,211.995,2025-03-17,13:45,Cash,201.9,4.7619,10.095,6.7
INV-C2503-1373,C,Naypyitaw,Normal,Male,Health and beauty,55.87,9,25.1415,527.9715,2025-03-28,18:23,Ewallet,502.83,4.7619,25.1415,5.8
INV-C2503-1374,C,Naypyitaw,Member,Male,Home and lifestyle,44.56,7,15.596,327.516,2025-03-07,20:15,Credit card,311.92,4.7619,15.596,5.0
INV-B2501-1375,B,Mandalay,Member,Female,Fashion accessories,14.54,9,6.543,137.403,2025-01-20,13:36,Cash,130.86,4.7619,6.543,9.5
INV-B2503-1376,B,Mandalay,Normal,Male,Sports and travel,89.71,5,22.4275,470.9775,2025-03-30,10:18,Cash,448.55,4.7619,22.4275,7.3
INV-B2501-1377,B,Mandalay,Member,Male,Health and beauty,84.1,9,37.845,794.745,2025-01-22,14:39,Ewallet,756.9,4.7619,37.845,6.3
INV-B2502-1378,B,Mandalay,Normal,Female,Food and beverages,45.77,8,18.308,384.468,2025-02-25,11:45,Credit card,366.16,4.7619,18.308,8.9
INV-A2502-1379,A,Yangon,Normal,Female,Sports and travel,59.07,1,2.9535,62.0235,2025-02-19,20:43,Ewallet,59.07,4.7619,2.9535,8.6
INV-A2502-1380,A,Yangon,Normal,Male,Food and beverages,17.13,10,8.565,179.865,2025-02-15,10:24,Credit card,171.3,4.7619,8.565,8.5
INV-A2502-1381,A,Yangon,Normal,Male,Food and beverages,76.8,1,3.84,80.64,2025-02-25,13:47,Cash,76.8,4.7619,3.84,8.5
INV-C2501-1382,C,Naypyitaw,Member,Male,Fashion accessories,15.86,4,3.172,66.612,2025-01-24,11:13,Cash,63.44,4.7619,3.172,7.2
INV-B2501-1383,B,Mandalay,Member,Male,Home and lifestyle,73.56,7,25.746,540.666,2025-01-09,15:05,Cash,514.92,4.7619,25.746,9.2
INV-C2503-1384,C,Naypyitaw,Normal,Female,Health and beauty,70.53,4,14.106,296.226,2025-03-15,15:18,Ewallet,282.12,4.7619,14.106,5.7
INV-C2503-1385,C,Naypyitaw,Normal,Female,Health and beauty,12.0,10,6.0,126.0,2025-03-04,11:23,Credit card,120.0,4.7619,6.0,6.6
INV-A2502-1386,A,Yangon,Member,Male,Electronic accessories,38.32,5,9.58,201.18,2025-02-23,13:18,Cash,191.6,4.7619,9.58,5.9
INV-B2503-1387,B,Mandalay,Normal,Female,Sports and travel,78.9,4,15.78,331.38,2025-03-13,13:51,Credit card,315.6,4.7619,15.78,4.0
INV-C2502-1388,C,Naypyitaw,Normal,Female,Fashion accessories,10.4,4,2.08,43.68,2025-02-08,16:48,Ewallet,41.6,4.7619,2.08,4.4
INV-C2502-1389,C,Naypyitaw,Member,Female,Electronic accessories,52.31,10,26.155,549.255,2025-02-23,11:38,Credit card,523.1,4.7619,26.155,8.1
INV-B2501-1390,B,Mandalay,Member,Female,Health and beauty,64.8,7,22.68,476.28,2025-01-12,13:03,Cash,453.6,4.7619,22.68,7.1
INV-B2501-1391,B,Mandalay,Normal,Female,Electronic accessories,62.99,2,6.299,132.279,2025-01-05,11:02,Ewallet,125.98,4.7619,6.299,9.9
INV-C2503-1392,C,Naypyitaw,Member,Female,Food and beverages,78.46,8,31.384,659.064,2025-03-03,14:39,Credit card,627.68,4.7619,31.384,7.3
INV-B2502-1393,B,Mandalay,Member,Female,Food and beverages,80.17,7,28.0595,589.2495,2025-02-06,20:28,Credit card,561.19,4.7619,28.0595,6.2
INV-B2501-1394,B,Mandalay,Normal,Male,Food and beverages,43.68,10,21.84,458.64,2025-01-13,12:42,Ewallet,436.8,4.7619,21.84,8.8
INV-C2502-1395,C,Naypyitaw,Member,Male,Food and beverages,79.68,4,15.936,334.656,2025-02-08,20:57,Credit card,318.72,4.7619,15.936,7.0
INV-A2501-1396,A,Yangon,Member,Male,Electronic accessories,87.92,1,4.396,92.316,2025-01-19,10:41,Ewallet,87.92,4.7619,4.396,5.0
INV-A2501-1397,A,Yangon,Member,Female,Electronic accessories,93.38,3,14.007,294.147,2025-01-26,16:21,Credit card,280.14,4.7619,14.007,4.5
INV-B2502-1398,B,Mandalay,Member,Female,Sports and travel,18.89,5,4.7225,99.1725,2025-02-07,11:06,Credit card,94.45,4.7619,4.7225,4.6
INV-C2501-1399,C,Naypyitaw,Normal,Female,Sports and travel,50.96,5,12.74,267.54,2025-01-11,20:18,Cash,254.8,4.7619,12.74,7.0
INV-C2501-1400,C,Naypyitaw,Normal,Male,Food and beverages,86.02,9,38.709,812.889,2025-01-06,17:35,Cash,774.18,4.7619,38.709,6.5
INV-B2501-1401,B,Mandalay,Normal,Male,Food and beverages,37.01,6,11.103,233.163,2025-01-23,17:42,Ewallet,222.06,4.7619,11.103,9.7
INV-A2503-1402,A,Yangon,Member,Female,Health and beauty,21.21,4,4.242,89.082,2025-03-06,14:52,Credit card,84.84,4.7619,4.242,9.7
INV-C2501-1403,C,Naypyitaw,Member,Female,Fashion accessories,73.51,2,7.351,154.371,2025-01-06,11:59,Ewallet,147.02,4.7619,7.351,6.4
INV-A2502-1404,A,Yangon,Member,Male,Health and beauty,96.94,3,14.541,305.361,2025-02-13,10:19,Cash,290.82,4.7619,14.541,7.9
INV-C2502-1405,C,Naypyitaw,Member,Male,Health and beauty,50.58,5,12.645,265.545,2025-02-23,20:00,Credit card,252.9,4.7619,12.645,4.4
INV-A2503-1406,A,Yangon,Member,Female,Sports and travel,18.76,8,7.504,157.584,2025-03-19,15:08,Ewallet,150.08,4.7619,7.504,7.6
INV-A2503-1407,A,Yangon,Member,Female,Sports and travel,72.62,2,7.262,152.502,2025-03-06,20:33,Cash,145.24,4.7619,7.262,8.5
INV-B2501-1408,B,Mandalay,Normal,Male,Home and lifestyle,13.0,3,1.95,40.95,2025-01-31,11:16,Cash,39.0,4.7619,1.95,6.9
INV-B2501-1409,B,Mandalay,Member,Female,Fashion accessories,62.7,3,9.405,197.505,2025-01-06,14:37,Ewallet,188.1,4.7619,9.405,7.5
INV-C2502-1410,C,Naypyitaw,Normal,Male,Sports and travel,15.95,8,6.38,133.98,2025-02-18,19:58,Credit card,127.6,4.7619,6.38,9.1
INV-B2502-1411,B,Mandalay,Normal,Male,Health and beauty,49.39,4,9.878,207.438,2025-02-16,16:15,Ewallet,197.56,4.7619,9.878,8.5
INV-B2501-1412,B,Mandalay,Member,Male,Home and lifestyle,79.23,3,11.8845,249.5745,2025-01-20,14:00,Cash,237.69,4.7619,11.8845,9.8
INV-B2502-1413,B,Mandalay,Normal,Female,Fashion accessories,67.85,9,30.5325,641.1825,2025-02-17,14:10,Cash,610.65,4.7619,30.5325,7.1
INV-B2503-1414,B,Mandalay,Normal,Male,Food and beverages,33.65,4,6.73,141.33,2025-03-06,19:32,Cash,134.6,4.7619,6.73,6.7
INV-C2503-1415,C,Naypyitaw,Normal,Female,Sports and travel,31.28,4,6.256,131.376,2025-03-25,11:54,Ewallet,125.12,4.7619,6.256,6.0
INV-C2501-1416,C,Naypyitaw,Normal,Male,Food and beverages,13.24,8,5.296,111.216,2025-01-23,11:43,Credit card,105.92,4.7619,5.296,6.2
INV-B2502-1417,B,Mandalay,Member,Female,Fashion accessories,17.7,8,7.08,148.68,2025-02-17,15:43,Ewallet,141.6,4.7619,7.08,5.1
INV-C2503-1418,C,Naypyitaw,Member,Male,Food and beverages,59.77,2,5.977,125.517,2025-03-12,11:52,Cash,119.54,4.7619,5.977,5.4
INV-A2501-1419,A,Yangon,Member,Female,Fashion accessories,82.04,3,12.306,258.426,2025-01-29,18:13,Credit card,246.12,4.7619,12.306,9.8
INV-B2502-1420,B,Mandalay,Normal,Female,Fashion accessories,53.46,3,8.019,168.399,2025-02-18,12:22,Ewallet,160.38,4.7619,8.019,7.1
INV-B2502-1421,B,Mandalay,Member,Male,Home and lifestyle,38.6,2,3.86,81.06,2025-02-01,20:30,Ewallet,77.2,4.7619,3.86,5.7
INV-C2501-1422,C,Naypyitaw,Member,Male,Electronic accessories,59.15,9,26.6175,558.9675,2025-01-27,17:15,Cash,532.35,4.7619,26.6175,9.3
INV-A2501-1423,A,Yangon,Member,Female,Fashion accessories,14.85,5,3.7125,77.9625,2025-01-29,15:04,Credit card,74.25,4.7619,3.7125,4.3
INV-C2501-1424,C,Naypyitaw,Member,Female,Health and beauty,19.7,1,0.985,20.685,2025-01-20,12:23,Credit card,19.7,4.7619,0.985,4.3
INV-A2503-1425,A,Yangon,Member,Male,Health and beauty,85.51,2,8.551,179.571,2025-03-10,17:23,Ewallet,171.02,4.7619,8.551,8.3
INV-A2502-1426,A,Yangon,Member,Female,Sports and travel,42.79,8,17.116,359.436,2025-02-10,19:24,Cash,342.32,4.7619,17.116,6.2
INV-A2503-1427,A,Yangon,Member,Female,Health and beauty,54.98,4,10.996,230.916,2025-03-30,16:06,Credit card,219.92,4.7619,10.996,4.7
INV-C2501-1428,C,Naypyitaw,Member,Male,Fashion accessories,35.02,8,14.008,294.168,2025-01-29,11:12,Cash,280.16,4.7619,14.008,4.3
INV-B2502-1429,B,Mandalay,Normal,Male,Health and beauty,11.18,10,5.59,117.39,2025-02-18,10:57,Cash,111.8,4.7619,5.59,4.2
INV-B2501-1430,B,Mandalay,Member,Female,Electronic accessories,18.37,6,5.511,115.731,2025-01-19,15:14,Ewallet,110.22,4.7619,5.511,4.4
INV-C2502-1431,C,Naypyitaw,Normal,Female,Sports and travel,48.6,2,4.86,102.06,2025-02-18,18:18,Ewallet,97.2,4.7619,4.86,6.8
INV-A2501-1432,A,Yangon,Member,Male,Sports and travel,60.96,5,15.24,320.04,2025-01-13,16:19,Credit card,304.8,4.7619,15.24,7.8
INV-B2502-1433,B,Mandalay,Member,Male,Home and lifestyle,50.77,5,12.6925,266.5425,2025-02-14,16:21,Credit card,253.85,4.7619,12.6925,6.9
INV-A2501-1434,A,Yangon,Normal,Male,Home and lifestyle,89.17,1,4.4585,93.6285,2025-01-01,11:16,Cash,89.17,4.7619,4.4585,7.3
INV-C2503-1435,C,Naypyitaw,Member,Male,Health and beauty,66.02,1,3.301,69.321,2025-03-19,20:03,Cash,66.02,4.7619,3.301,8.6
INV-C2502-1436,C,Naypyitaw,Member,Female,Food and beverages,26.1,5,6.525,137.025,2025-02-06,15:04,Credit card,130.5,4.7619,6.525,9.8
INV-C2501-1437,C,Naypyitaw,Member,Female,Home and lifestyle,30.65,10,15.325,321.825,2025-01-28,18:40,Cash,306.5,4.7619,15.325,9.3
INV-B2501-1438,B,Mandalay,Member,Male,Electronic accessories,78.3,1,3.915,82.215,2025-01-25,20:46,Credit card,78.3,4.7619,3.915,4.1
INV-A2502-1439,A,Yangon,Member,Male,Fashion accessories,85.28,2,8.528,179.088,2025-02-19,18:56,Cash,170.56,4.7619,8.528,4.5
INV-A2501-1440,A,Yangon,Member,Male,Food and beverages,13.94,5,3.485,73.185,2025-01-02,13:05,Ewallet,69.7,4.7619,3.485,4.2
INV-B2503-1441,B,Mandalay,Member,Male,Sports and travel,60.71,3,9.1065,191.2365,2025-03-27,20:02,Credit card,182.13,4.7619,9.1065,9.7
INV-C2502-1442,C,Naypyitaw,Normal,Male,Fashion accessories,13.23,3,1.9845,41.6745,2025-02-14,20:33,Cash,39.69,4.7619,1.9845,6.5
INV-C2503-1443,C,Naypyitaw,Member,Male,Electronic accessories,90.98,2,9.098,191.058,2025-03-07,13:07,Credit card,181.96,4.7619,9.098,7.7
INV-A2502-1444,A,Yangon,Member,Male,Sports and travel,65.15,3,9.7725,205.2225,2025-02-14,16:27,Ewallet,195.45,4.7619,9.7725,5.0
INV-C2503-1445,C,Naypyitaw,Member,Female,Home and lifestyle,39.86,3,5.979,125.559,2025-03-15,17:30,Credit card,119.58,4.7619,5.979,7.3
INV-C2501-1446,C,Naypyitaw,Normal,Male,Health and beauty,46.67,7,16.3345,343.0245,2025-01-02,14:21,Ewallet,326.69,4.7619,16.3345,5.1
INV-A2502-1447,A,Yangon,Normal,Female,Food and beverages,54.56,5,13.64,286.44,2025-02-13,15:34,Credit card,272.8,4.7619,13.64,5.4
INV-A2501-1448,A,Yangon,Member,Female,Fashion accessories,39.09,8,15.636,328.356,2025-01-11,15:22,Ewallet,312.72,4.7619,15.636,4.4
INV-C2502-1449,C,Naypyitaw,Member,Female,Food and beverages,21.93,5,5.4825,115.1325,2025-02-12,10:21,Cash,109.65,4.7619,5.4825,6.0
INV-B2502-1450,B,Mandalay,Member,Male,Fashion accessories,80.85,6,24.255,509.355,2025-02-13,12:00,Credit card,485.1,4.7619,24.255,8.5
INV-A2503-1451,A,Yangon,Normal,Male,Health and beauty,62.83,4,12.566,263.886,2025-03-29,10:44,Ewallet,251.32,4.7619,12.566,7.4
INV-A2503-1452,A,Yangon,Normal,Male,Electronic accessories,68.69,3,10.3035,216.3735,2025-03-02,20:43,Ewallet,206.07,4.7619,10.3035,7.9
INV-B2501-1453,B,Mandalay,Member,Female,Home and lifestyle,17.93,2,1.793,37.653,2025-01-10,14:19,Ewallet,35.86,4.7619,1.793,5.7
INV-B2503-1454,B,Mandalay,Normal,Female,Fashion accessories,74.01,7,25.9035,543.9735,2025-03-28,18:10,Cash,518.07,4.7619,25.9035,7.6
INV-B2501-1455,B,Mandalay,Normal,Male,Food and beverages,60.84,6,18.252,383.292,2025-01-19,17:01,Credit card,365.04,4.7619,18.252,8.3
INV-B2503-1456,B,Mandalay,Member,Female,Health and beauty,95.72,9,43.074,904.554,2025-03-24,15:06,Ewallet,861.48,4.7619,43.074,6.6
INV-B2503-1457,B,Mandalay,Normal,Male,Home and lifestyle,35.54,2,3.554,74.634,2025-03-01,15:17,Cash,71.08,4.7619,3.554,8.7
INV-C2502-1458,C,Naypyitaw,Normal,Female,Health and beauty,50.32,10,25.16,528.36,2025-02-28,19:51,Credit card,503.2,4.7619,25.16,4.6
INV-B2502-1459,B,Mandalay,Member,Male,Food and beverages,10.14,1,0.507,10.647,2025-02-15,13:56,Cash,10.14,4.7619,0.507,8.6
INV-B2503-1460,B,Mandalay,Member,Male,Home and lifestyle,88.33,5,22.0825,463.7325,2025-03-02,16:38,Ewallet,441.65,4.7619,22.0825,8.2
INV-C2502-1461,C,Naypyitaw,Member,Female,Health and beauty,89.04,1,4.452,93.492,2025-02-24,19:47,Ewallet,89.04,4.7619,4.452,6.5
INV-C2502-1462,C,Naypyitaw,Normal,Male,Home and lifestyle,80.11,6,24.033,504.693,2025-02-10,11:25,Credit card,480.66,4.7619,24.033,9.3
INV-A2502-1463,A,Yangon,Member,Female,Home and lifestyle,17.31,2,1.731,36.351,2025-02-21,17:49,Ewallet,34.62,4.7619,1.731,9.4
INV-B2502-1464,B,Mandalay,Member,Male,Sports and travel,50.91,5,12.7275,267.2775,2025-02-26,15:25,Credit card,254.55,4.7619,12.7275,5.3
INV-A2501-1465,A,Yangon,Normal,Female,Fashion accessories,90.53,9,40.7385,855.5085,2025-01-31,19:06,Credit card,814.77,4.7619,40.7385,6.1
INV-A2503-1466,A,Yangon,Normal,Male,Food and beverages,52.39,10,26.195,550.095,2025-03-26,14:25,Cash,523.9,4.7619,26.195,10.0
INV-A2501-1467,A,Yangon,Normal,Female,Sports and travel,76.85,7,26.8975,564.8475,2025-01-29,13:19,Ewallet,537.95,4.7619,26.8975,4.7
INV-C2503-1468,C,Naypyitaw,Normal,Male,Food and beverages,93.33,6,27.999,587.979,2025-03-09,18:36,Credit card,559.98,4.7619,27.999,8.6
INV-B2502-1469,B,Mandalay,Normal,Male,Fashion accessories,67.48,3,10.122,212.562,2025-02-02,13:01,Cash,202.44,4.7619,10.122,7.3
INV-B2501-1470,B,Mandalay,Member,Female,Food and beverages,40.78,4,8.156,171.276,2025-01-24,18:05,Credit card,163.12,4.7619,8.156,8.0
INV-C2501-1471,C,Naypyitaw,Member,Male,Sports and travel,51.42,3,7.713,161.973,2025-01-25,17:29,Cash,154.26,4.7619,7.713,8.3
INV-B2502-1472,B,Mandalay,Normal,Male,Sports and travel,25.51,8,10.204,214.284,2025-02-07,10:12,Cash,204.08,4.7619,10.204,5.0
INV-C2501-1473,C,Naypyitaw,Normal,Female,Home and lifestyle,83.62,1,4.181,87.801,2025-01-03,16:18,Ewallet,83.62,4.7619,4.181,6.8
INV-B2502-1474,B,Mandalay,Normal,Male,Fashion accessories,16.73,5,4.1825,87.8325,2025-02-13,10:20,Cash,83.65,4.7619,4.1825,8.6
INV-A2503-1475,A,Yangon,Member,Male,Electronic accessories,67.38,10,33.69,707.49,2025-03-04,10:33,Cash,673.8,4.7619,33.69,6.5
INV-A2501-1476,A,Yangon,Normal,Female,Sports and travel,79.28,4,15.856,332.976,2025-01-20,12:32,Cash,317.12,4.7619,15.856,4.6
INV-B2503-1477,B,Mandalay,Member,Male,Sports and travel,41.16,8,16.464,345.744,2025-03-29,16:45,Ewallet,329.28,4.7619,16.464,7.0
INV-B2503-1478,B,Mandalay,Normal,Female,Electronic accessories,67.02,6,20.106,422.226,2025-03-12,10:38,Cash,402.12,4.7619,20.106,9.4
INV-B2502-1479,B,Mandalay,Member,Male,Electronic accessories,79.68,9,35.856,752.976,2025-02-05,14:22,Cash,717.12,4.7619,35.856,4.8
INV-A2501-1480,A,Yangon,Normal,Female,Health and beauty,87.64,9,39.438,828.198,2025-01-29,17:17,Cash,788.76,4.7619,39.438,7.1
INV-C2501-1481,C,Naypyitaw,Member,Female,Home and lifestyle,76.35,10,38.175,801.675,2025-01-23,16:04,Credit card,763.5,4.7619,38.175,5.0
INV-A2501-1482,A,Yangon,Normal,Male,Electronic accessories,47.73,2,4.773,100.233,2025-01-15,16:24,Cash,95.46,4.7619,4.773,5.1
INV-C2501-1483,C,Naypyitaw,Normal,Female,Electronic accessories,30.08,3,4.512,94.752,2025-01-10,10:33,Credit card,90.24,4.7619,4.512,6.4
INV-C2503-1484,C,Naypyitaw,Normal,Male,Food and beverages,58.27,10,29.135,611.835,2025-03-03,12:24,Credit card,582.7,4.7619,29.135,9.0
INV-A2501-1485,A,Yangon,Member,Male,Fashion accessories,35.35,9,15.9075,334.0575,2025-01-08,14:12,Cash,318.15,4.7619,15.9075,8.8
INV-A2503-1486,A,Yangon,Normal,Male,Health and beauty,98.39,5,24.5975,516.5475,2025-03-25,13:07,Credit card,491.95,4.7619,24.5975,8.3
INV-C2503-1487,C,Naypyitaw,Member,Female,Sports and travel,64.71,1,3.2355,67.9455,2025-03-02,16:14,Cash,64.71,4.7619,3.2355,6.8
INV-B2503-1488,B,Mandalay,Member,Male,Food and beverages,94.47,4,18.894,396.774,2025-03-10,15:23,Cash,377.88,4.7619,18.894,7.6
INV-A2502-1489,A,Yangon,Member,Female,Sports and travel,77.5,3,11.625,244.125,2025-02-01,20:34,Credit card,232.5,4.7619,11.625,4.3
INV-A2503-1490,A,Yangon,Normal,Female,Home and lifestyle,58.59,8,23.436,492.156,2025-03-14,11:09,Ewallet,468.72,4.7619,23.436,7.9
INV-A2503-1491,A,Yangon,Normal,Female,Fashion accessories,98.98,5,24.745,519.645,2025-03-10,13:29,Cash,494.9,4.7619,24.745,4.8
INV-B2503-1492,B,Mandalay,Normal,Female,Health and beauty,19.32,1,0.966,20.286,2025-03-28,16:30,Cash,19.32,4.7619,0.966,4.1
INV-B2502-1493,B,Mandalay,Normal,Female,Food and beverages,91.81,7,32.1335,674.8035,2025-02-28,16:44,Ewallet,642.67,4.7619,32.1335,9.8
INV-B2503-1494,B,Mandalay,Member,Male,Sports and travel,11.82,8,4.728,99.288,2025-03-03,16:07,Ewallet,94.56,4.7619,4.728,10.0
INV-B2502-1495,B,Mandalay,Member,Male,Fashion accessories,64.76,5,16.19,339.99,2025-02-02,18:28,Credit card,323.8,4.7619,16.19,4.9
INV-A2503-1496,A,Yangon,Member,Male,Food and beverages,38.3,5,9.575,201.075,2025-03-13,15:33,Ewallet,191.5,4.7619,9.575,4.1
INV-B2501-1497,B,Mandalay,Normal,Female,Food and beverages,62.9,7,22.015,462.315,2025-01-10,18:52,Credit card,440.3,4.7619,22.015,8.7
INV-C2501-1498,C,Naypyitaw,Normal,Female,Food and beverages,87.76,1,4.388,92.148,2025-01-10,11:05,Ewallet,87.76,4.7619,4.388,4.4
INV-A2503-1499,A,Yangon,Member,Female,Health and beauty,38.97,8,15.588,327.348,2025-03-17,14:13,Cash,311.76,4.7619,15.588,6.1
INV-C2502-1500,C,Naypyitaw,Member,Male,Electronic accessories,37.13,9,16.7085,350.8785,2025-02-24,16:18,Ewallet,334.17,4.7619,16.7085,4.4
INV-A2503-1501,A,Yangon,Normal,Male,Home and lifestyle,51.21,6,15.363,322.623,2025-03-14,12:55,Credit card,307.26,4.7619,15.363,6.1
INV-A2501-1502,A,Yangon,Member,Female,Food and beverages,56.74,10,28.37,595.77,2025-01-31,20:17,Credit card,567.4,4.7619,28.37,7.5
INV-A2503-1503,A,Yangon,Normal,Male,Health and beauty,75.44,9,33.948,712.908,2025-03-10,15:01,Cash,678.96,4.7619,33.948,6.5
INV-A2501-1504,A,Yangon,Normal,Female,Health and beauty,96.03,4,19.206,403.326,2025-01-02,17:33,Cash,384.12,4.7619,19.206,7.4
INV-A2503-1505,A,Yangon,Member,Female,Food and beverages,54.53,8,21.812,458.052,2025-03-23,17:21,Credit card,436.24,4.7619,21.812,5.7
INV-A2501-1506,A,Yangon,Member,Male,Health and beauty,51.73,4,10.346,217.266,2025-01-16,11:35,Ewallet,206.92,4.7619,10.346,6.7
INV-A2502-1507,A,Yangon,Normal,Male,Sports and travel,96.16,2,9.616,201.936,2025-02-01,10:35,Ewallet,192.32,4.7619,9.616,5.9
INV-B2501-1508,B,Mandalay,Member,Male,Fashion accessories,84.25,7,29.4875,619.2375,2025-01-09,12:01,Credit card,589.75,4.7619,29.4875,4.3
INV-B2502-1509,B,Mandalay,Normal,Female,Food and beverages,17.93,9,8.0685,169.4385,2025-02-07,10:36,Credit card,161.37,4.7619,8.0685,8.3
INV-A2502-1510,A,Yangon,Normal,Male,Sports and travel,14.49,5,3.6225,76.0725,2025-02-02,20:34,Credit card,72.45,4.7619,3.6225,5.0
INV-C2502-1511,C,Naypyitaw,Member,Female,Health and beauty,19.82,4,3.964,83.244,2025-02-16,10:50,Ewallet,79.28,4.7619,3.964,6.6
INV-B2501-1512,B,Mandalay,Normal,Female,Electronic accessories,25.95,10,12.975,272.475,2025-01-07,19:38,Cash,259.5,4.7619,12.975,8.9
INV-A2503-1513,A,Yangon,Normal,Male,Health and beauty,80.95,10,40.475,849.975,2025-03-01,19:07,Cash,809.5,4.7619,40.475,8.3
INV-B2503-1514,B,Mandalay,Normal,Female,Home and lifestyle,91.16,4,18.232,382.872,2025-03-08,19:23,Cash,364.64,4.7619,18.232,4.3
INV-C2503-1515,C,Naypyitaw,Member,Male,Home and lifestyle,38.71,3,5.8065,121.9365,2025-03-07,11:17,Credit card,116.13,4.7619,5.8065,6.0
INV-A2503-1516,A,Yangon,Normal,Female,Electronic accessories,80.46,2,8.046,168.966,2025-03-15,15:48,Cash,160.92,4.7619,8.046,7.2
INV-B2501-1517,B,Mandalay,Normal,Male,Food and beverages,83.17,4,16.634,349.314,2025-01-31,12:17,Credit card,332.68,4.7619,16.634,6.8
INV-A2503-1518,A,Yangon,Member,Male,Electronic accessories,19.12,4,3.824,80.304,2025-03-28,15:07,Cash,76.48,4.7619,3.824,9.1
INV-C2502-1519,C,Naypyitaw,Member,Female,Fashion accessories,64.92,7,22.722,477.162,2025-02-06,13:12,Cash,454.44,4.7619,22.722,5.3
INV-C2503-1520,C,Naypyitaw,Member,Female,Fashion accessories,47.79,8,19.116,401.436,2025-03-24,17:06,Credit card,382.32,4.7619,19.116,5.6
INV-A2502-1521,A,Yangon,Normal,Female,Sports and travel,19.11,9,8.5995,180.5895,2025-02-02,14:44,Credit card,171.99,4.7619,8.5995,9.7
INV-A2501-1522,A,Yangon,Normal,Female,Health and beauty,86.26,1,4.313,90.573,2025-01-03,10:55,Ewallet,86.26,4.7619,4.313,6.1
INV-B2501-1523,B,Mandalay,Member,Male,Sports and travel,36.93,4,7.386,155.106,2025-01-05,18:24,Credit card,147.72,4.7619,7.386,4.2
INV-A2502-1524,A,Yangon,Normal,Male,Health and beauty,90.58,2,9.058,190.218,2025-02-16,16:42,Cash,181.16,4.7619,9.058,5.3
INV-B2501-1525,B,Mandalay,Normal,Male,Home and lifestyle,18.4,10,9.2,193.2,2025-01-24,11:30,Ewallet,184.0,4.7619,9.2,7.0
INV-A2501-1526,A,Yangon,Normal,Female,Home and lifestyle,13.5,6,4.05,85.05,2025-01-29,12:47,Cash,81.0,4.7619,4.05,6.1
INV-C2503-1527,C,Naypyitaw,Normal,Female,Home and lifestyle,18.46,2,1.846,38.766,2025-03-31,16:37,Credit card,36.92,4.7619,1.846,5.3
INV-C2503-1528,C,Naypyitaw,Normal,Female,Fashion accessories,91.25,9,41.0625,862.3125,2025-03-03,12:34,Credit card,821.25,4.7619,41.0625,5.5
INV-A2501-1529,A,Yangon,Normal,Male,Health and beauty,29.41,10,14.705,308.805,2025-01-27,14:50,Credit card,294.1,4.7619,14.705,8.9
INV-C2502-1530,C,Naypyitaw,Member,Female,Sports and travel,32.66,2,3.266,68.586,2025-02-04,10:03,Credit card,65.32,4.7619,3.266,7.3
INV-A2503-1531,A,Yangon,Normal,Male,Home and lifestyle,89.72,5,22.43,471.03,2025-03-21,19:41,Credit card,448.6,4.7619,22.43,5.2
INV-A2502-1532,A,Yangon,Normal,Male,Sports and travel,47.6,3,7.14,149.94,2025-02-22,11:08,Credit card,142.8,4.7619,7.14,10.0
INV-B2501-1533,B,Mandalay,Normal,Male,Sports and travel,96.1,9,43.245,908.145,2025-01-25,14:36,Ewallet,864.9,4.7619,43.245,8.9
INV-B2502-1534,B,Mandalay,Normal,Female,Home and lifestyle,65.74,3,9.861,207.081,2025-02-09,18:26,Credit card,197.22,4.7619,9.861,9.6
INV-B2503-1535,B,Mandalay,Member,Female,Electronic accessories,30.96,9,13.932,292.572,2025-03-10,19:16,Ewallet,278.64,4.7619,13.932,6.9
INV-C2501-1536,C,Naypyitaw,Member,Female,Electronic accessories,82.69,9,37.2105,781.4205,2025-01-22,13:51,Credit card,744.21,4.7619,37.2105,7.4
INV-A2503-1537,A,Yangon,Normal,Male,Home and lifestyle,71.22,8,28.488,598.248,2025-03-26,13:24,Ewallet,569.76,4.7619,28.488,4.1
INV-A2502-1538,A,Yangon,Normal,Male,Electronic accessories,31.43,6,9.429,198.009,2025-02-06,12:49,Cash,188.58,4.7619,9.429,9.1
INV-A2503-1539,A,Yangon,Member,Female,Electronic accessories,44.36,7,15.526,326.046,2025-03-21,13:22,Credit card,310.52,4.7619,15.526,6.4
INV-A2503-1540,A,Yangon,Normal,Male,Health and beauty,69.07,8,27.628,580.188,2025-03-28,12:11,Credit card,552.56,4.7619,27.628,4.2
INV-C2501-1541,C,Naypyitaw,Member,Female,Fashion accessories,11.91,9,5.3595,112.5495,2025-01-10,18:22,Credit card,107.19,4.7619,5.3595,8.1
INV-C2503-1542,C,Naypyitaw,Normal,Male,Food and beverages,33.01,10,16.505,346.605,2025-03-10,10:44,Credit card,330.1,4.7619,16.505,9.3
INV-B2501-1543,B,Mandalay,Member,Male,Health and beauty,22.22,8,8.888,186.648,2025-01-09,10:21,Ewallet,177.76,4.7619,8.888,7.5
INV-B2502-1544,B,Mandalay,Normal,Male,Fashion accessories,24.33,3,3.6495,76.6395,2025-02-10,10:29,Ewallet,72.99,4.7619,3.6495,7.5
INV-C2502-1545,C,Naypyitaw,Normal,Female,Home and lifestyle,11.57,3,1.7355,36.4455,2025-02-12,11:33,Ewallet,34.71,4.7619,1.7355,7.8
INV-B2503-1546,B,Mandalay,Normal,Female,Food and beverages,71.59,2,7.159,150.339,2025-03-24,14:28,Credit card,143.18,4.7619,7.159,5.5
INV-A2503-1547,A,Yangon,Normal,Female,Health and beauty,31.59,5,7.8975,165.8475,2025-03-31,18:46,Ewallet,157.95,4.7619,7.8975,4.7
INV-C2502-1548,C,Naypyitaw,Normal,Male,Home and lifestyle,31.95,3,4.7925,100.6425,2025-02-24,11:24,Ewallet,95.85,4.7619,4.7925,5.3
INV-C2501-1549,C,Naypyitaw,Member,Female,Sports and travel,91.07,9,40.9815,860.6115,2025-01-02,19:10,Ewallet,819.63,4.7619,40.9815,7.6
INV-B2502-1550,B,Mandalay,Member,Male,Sports and travel,85.62,10,42.81,899.01,2025-02-02,13:49,Credit card,856.2,4.7619,42.81,9.2
INV-C2503-1551,C,Naypyitaw,Member,Female,Sports and travel,57.07,4,11.414,239.694,2025-03-07,15:51,Ewallet,228.28,4.7619,11.414,5.2
INV-C2503-1552,C,Naypyitaw,Normal,Male,Fashion accessories,43.61,2,4.361,91.581,2025-03-29,20:59,Ewallet,87.22,4.7619,4.361,5.4
INV-B2501-1553,B,Mandalay,Normal,Female,Home and lifestyle,60.33,4,12.066,253.386,2025-01-10,15:11,Cash,241.32,4.7619,12.066,6.5
INV-A2502-1554,A,Yangon,Member,Male,Sports and travel,49.84,3,7.476,156.996,2025-02-09,10:30,Ewallet,149.52,4.7619,7.476,5.1
INV-B2502-1555,B,Mandalay,Member,Female,Fashion accessories,70.1,9,31.545,662.445,2025-02-03,12:31,Ewallet,630.9,4.7619,31.545,8.3
INV-B2503-1556,B,Mandalay,Member,Female,Home and lifestyle,96.65,3,14.4975,304.4475,2025-03-15,17:27,Cash,289.95,4.7619,14.4975,6.1
INV-C2501-1557,C,Naypyitaw,Member,Male,Electronic accessories,62.19,5,15.5475,326.4975,2025-01-29,11:55,Credit card,310.95,4.7619,15.5475,8.5
INV-A2503-1558,A,Yangon,Member,Female,Food and beverages,44.47,4,8.894,186.774,2025-03-14,14:22,Cash,177.88,4.7619,8.894,7.9
INV-C2501-1559,C,Naypyitaw,Member,Male,Health and beauty,68.48,3,10.272,215.712,2025-01-08,17:14,Cash,205.44,4.7619,10.272,5.6
INV-B2503-1560,B,Mandalay,Member,Male,Fashion accessories,57.03,7,19.9605,419.1705,2025-03-25,14:42,Credit card,399.21,4.7619,19.9605,6.9
INV-B2503-1561,B,Mandalay,Normal,Male,Fashion accessories,18.63,4,3.726,78.246,2025-03-17,20:06,Ewallet,74.52,4.7619,3.726,7.6
INV-C2502-1562,C,Naypyitaw,Normal,Male,Health and beauty,27.74,10,13.87,291.27,2025-02-14,19:06,Cash,277.4,4.7619,13.87,8.4
INV-A2503-1563,A,Yangon,Member,Female,Sports and travel,86.27,4,17.254,362.334,2025-03-21,16:25,Credit card,345.08,4.7619,17.254,9.8
INV-C2501-1564,C,Naypyitaw,Member,Female,Health and beauty,44.51,5,11.1275,233.6775,2025-01-06,16:18,Credit card,222.55,4.7619,11.1275,5.0
INV-A2502-1565,A,Yangon,Member,Male,Health and beauty,26.35,9,11.8575,249.0075,2025-02-25,20:37,Credit card,237.15,4.7619,11.8575,6.0
INV-C2503-1566,C,Naypyitaw,Member,Female,Health and beauty,23.83,2,2.383,50.043,2025-03-09,11:40,Cash,47.66,4.7619,2.383,8.7
INV-A2501-1567,A,Yangon,Normal,Female,Sports and travel,85.01,2,8.501,178.521,2025-01-07,17:33,Cash,170.02,4.7619,8.501,9.5
INV-C2501-1568,C,Naypyitaw,Member,Female,Sports and travel,27.23,7,9.5305,200.1405,2025-01-05,14:24,Credit card,190.61,4.7619,9.5305,7.9
INV-B2501-1569,B,Mandalay,Normal,Female,Sports and travel,10.63,8,4.252,89.292,2025-01-10,16:01,Ewallet,85.04,4.7619,4.252,7.0
INV-A2502-1570,A,Yangon,Member,Male,Health and beauty,14.06,1,0.703,14.763,2025-02-08,10:27,Ewallet,14.06,4.7619,0.703,6.7
INV-C2502-1571,C,Naypyitaw,Member,Female,Food and beverages,82.29,8,32.916,691.236,2025-02-02,20:00,Cash,658.32,4.7619,32.916,5.6
INV-B2502-1572,B,Mandalay,Member,Female,Health and beauty,98.58,6,29.574,621.054,2025-02-19,17:04,Ewallet,591.48,4.7619,29.574,8.4
INV-C2503-1573,C,Naypyitaw,Normal,Male,Health and beauty,61.56,8,24.624,517.104,2025-03-07,10:33,Cash,492.48,4.7619,24.624,6.0
INV-C2501-1574,C,Naypyitaw,Member,Female,Food and beverages,65.45,10,32.725,687.225,2025-01-13,11:01,Ewallet,654.5,4.7619,32.725,8.7
INV-B2503-1575,B,Mandalay,Member,Male,Electronic accessories,72.61,2,7.261,152.481,2025-03-01,19:23,Credit card,145.22,4.7619,7.261,4.2
INV-C2502-1576,C,Naypyitaw,Member,Female,Electronic accessories,12.45,9,5.6025,117.6525,2025-02-20,15:28,Ewallet,112.05,4.7619,5.6025,5.0
INV-C2503-1577,C,Naypyitaw,Normal,Female,Home and lifestyle,28.63,7,10.0205,210.4305,2025-03-30,15:02,Cash,200.41,4.7619,10.0205,8.5
INV-A2501-1578,A,Yangon,Normal,Male,Sports and travel,73.62,3,11.043,231.903,2025-01-02,18:34,Ewallet,220.86,4.7619,11.043,4.0
INV-A2502-1579,A,Yangon,Member,Male,Sports and travel,96.62,10,48.31,1014.51,2025-02-15,18:46,Ewallet,966.2,4.7619,48.31,7.2
INV-A2502-1580,A,Yangon,Member,Female,Sports and travel,23.73,6,7.119,149.499,2025-02-11,16:38,Credit card,142.38,4.7619,7.119,8.7
INV-C2501-1581,C,Naypyitaw,Member,Male,Home and lifestyle,64.54,4,12.908,271.068,2025-01-19,20:11,Credit card,258.16,4.7619,12.908,5.3
INV-B2501-1582,B,Mandalay,Member,Female,Health and beauty,10.01,6,3.003,63.063,2025-01-12,16:02,Cash,60.06,4.7619,3.003,10.0
INV-A2501-1583,A,Yangon,Member,Female,Food and beverages,13.69,2,1.369,28.749,2025-01-14,10:23,Ewallet,27.38,4.7619,1.369,6.7
INV-B2503-1584,B,Mandalay,Member,Female,Fashion accessories,97.29,2,9.729,204.309,2025-03-14,10:50,Cash,194.58,4.7619,9.729,5.6
INV-C2501-1585,C,Naypyitaw,Member,Male,Home and lifestyle,71.53,4,14.306,300.426,2025-01-04,15:52,Credit card,286.12,4.7619,14.306,4.9
INV-C2502-1586,C,Naypyitaw,Member,Female,Home and lifestyle,50.42,2,5.042,105.882,2025-02-28,15:54,Credit card,100.84,4.7619,5.042,6.1
INV-B2502-1587,B,Mandalay,Member,Female,Sports and travel,45.77,1,2.2885,48.0585,2025-02-06,16:06,Credit card,45.77,4.7619,2.2885,8.4
INV-A2503-1588,A,Yangon,Member,Female,Sports and travel,66.09,9,29.7405,624.5505,2025-03-14,10:50,Cash,594.81,4.7619,29.7405,7.5
INV-B2502-1589,B,Mandalay,Normal,Male,Sports and travel,96.83,1,4.8415,101.6715,2025-02-17,14:44,Cash,96.83,4.7619,4.8415,4.2
INV-B2502-1590,B,Mandalay,Member,Male,Fashion accessories,50.9,8,20.36,427.56,2025-02-22,12:33,Cash,407.2,4.7619,20.36,5.1
INV-C2501-1591,C,Naypyitaw,Member,Male,Home and lifestyle,45.61,7,15.9635,335.2335,2025-01-01,19:30,Ewallet,319.27,4.7619,15.9635,9.3
INV-A2502-1592,A,Yangon,Normal,Female,Electronic accessories,26.83,5,6.7075,140.8575,2025-02-04,15:29,Credit card,134.15,4.7619,6.7075,4.7
INV-A2503-1593,A,Yangon,Member,Female,Sports and travel,75.61,8,30.244,635.124,2025-03-25,15:46,Cash,604.88,4.7619,30.244,5.4
INV-C2501-1594,C,Naypyitaw,Normal,Male,Home and lifestyle,62.01,3,9.3015,195.3315,2025-01-22,15:29,Cash,186.03,4.7619,9.3015,7.7
INV-C2503-1595,C,Naypyitaw,Normal,Male,Sports and travel,70.36,10,35.18,738.78,2025-03-13,12:44,Ewallet,703.6,4.7619,35.18,5.0
INV-B2501-1596,B,Mandalay,Member,Female,Health and beauty,82.81,8,33.124,695.604,2025-01-02,20:21,Ewallet,662.48,4.7619,33.124,6.6
INV-A2501-1597,A,Yangon,Normal,Male,Food and beverages,78.2,5,19.55,410.55,2025-01-08,15:22,Credit card,391.0,4.7619,19.55,6.2
INV-A2501-1598,A,Yangon,Normal,Female,Electronic accessories,12.31,1,0.6155,12.9255,2025-01-31,12:04,Ewallet,12.31,4.7619,0.6155,8.6
INV-C2502-1599,C,Naypyitaw,Normal,Female,Home and lifestyle,35.41,4,7.082,148.722,2025-02-09,12:53,Credit card,141.64,4.7619,7.082,6.3
INV-C2501-1600,C,Naypyitaw,Normal,Female,Health and beauty,57.1,7,19.985,419.685,2025-01-11,16:42,Ewallet,399.7,4.7619,19.985,8.4
INV-A2502-1601,A,Yangon,Member,Male,Electronic accessories,82.62,5,20.655,433.755,2025-02-24,11:04,Cash,413.1,4.7619,20.655,7.0
INV-B2503-1602,B,Mandalay,Member,Female,Sports and travel,74.33,10,37.165,780.465,2025-03-11,19:56,Cash,743.3,4.7619,37.165,8.0
INV-A2503-1603,A,Yangon,Member,Female,Health and beauty,50.63,5,12.6575,265.8075,2025-03-24,11:06,Credit card,253.15,4.7619,12.6575,5.8
INV-A2501-1604,A,Yangon,Member,Female,Health and beauty,66.19,7,23.1665,486.4965,2025-01-16,14:19,Credit card,463.33,4.7619,23.1665,9.8
INV-C2502-1605,C,Naypyitaw,Member,Female,Home and lifestyle,73.49,3,11.0235,231.4935,2025-02-25,15:06,Credit card,220.47,4.7619,11.0235,9.2
INV-A2501-1606,A,Yangon,Normal,Male,Fashion accessories,21.71,6,6.513,136.773,2025-01-09,20:07,Cash,130.26,4.7619,6.513,7.8
INV-B2502-1607,B,Mandalay,Member,Female,Fashion accessories,14.95,3,2.2425,47.0925,2025-02-25,18:23,Cash,44.85,4.7619,2.2425,8.3
INV-C2502-1608,C,Naypyitaw,Normal,Female,Sports and travel,84.81,9,38.1645,801.4545,2025-02-17,17:57,Cash,763.29,4.7619,38.1645,7.4
INV-C2501-1609,C,Naypyitaw,Normal,Female,Sports and travel,22.24,4,4.448,93.408,2025-01-18,15:22,Cash,88.96,4.7619,4.448,6.0
INV-A2502-1610,A,Yangon,Member,Female,Food and beverages,69.8,10,34.9,732.9,2025-02-19,17:53,Cash,698.0,4.7619,34.9,6.2
INV-B2501-1611,B,Mandalay,Normal,Male,Home and lifestyle,71.19,4,14.238,298.998,2025-01-10,10:04,Cash,284.76,4.7619,14.238,6.1
INV-A2503-1612,A,Yangon,Member,Female,Fashion accessories,15.15,7,5.3025,111.3525,2025-03-16,14:26,Credit card,106.05,4.7619,5.3025,9.8
INV-B2502-1613,B,Mandalay,Member,Male,Sports and travel,15.67,2,1.567,32.907,2025-02-16,19:22,Credit card,31.34,4.7619,1.567,6.9
INV-A2503-1614,A,Yangon,Normal,Female,Electronic accessories,84.57,3,12.6855,266.3955,2025-03-26,10:04,Ewallet,253.71,4.7619,12.6855,8.7
INV-C2502-1615,C,Naypyitaw,Normal,Male,Sports and travel,52.36,9,23.562,494.802,2025-02-21,11:52,Cash,471.24,4.7619,23.562,4.8
INV-A2501-1616,A,Yangon,Member,Female,Electronic accessories,82.48,5,20.62,433.02,2025-01-13,18:26,Cash,412.4,4.7619,20.62,8.0
INV-C2502-1617,C,Naypyitaw,Member,Female,Food and beverages,87.85,2,8.785,184.485,2025-02-23,14:29,Cash,175.7,4.7619,8.785,6.8
INV-A2501-1618,A,Yangon,Member,Female,Food and beverages,96.77,7,33.8695,711.2595,2025-01-02,14:17,Credit card,677.39,4.7619,33.8695,6.4
INV-C2503-1619,C,Naypyitaw,Member,Male,Home and lifestyle,55.13,7,19.2955,405.2055,2025-03-29,10:40,Credit card,385.91,4.7619,19.2955,6.8
INV-A2503-1620,A,Yangon,Member,Female,Food and beverages,43.95,7,15.3825,323.0325,2025-03-02,16:57,Cash,307.65,4.7619,15.3825,10.0
INV-B2503-1621,B,Mandalay,Normal,Male,Food and beverages,22.32,6,6.696,140.616,2025-03-07,18:14,Credit card,133.92,4.7619,6.696,6.2
INV-A2502-1622,A,Yangon,Normal,Female,Food and beverages,74.55,1,3.7275,78.2775,2025-02-24,13:39,Credit card,74.55,4.7619,3.7275,7.0
INV-C2503-1623,C,Naypyitaw,Member,Female,Health and beauty,93.8,5,23.45,492.45,2025-03-08,13:00,Cash,469.0,4.7619,23.45,9.6
INV-A2501-1624,A,Yangon,Member,Male,Food and beverages,58.91,2,5.891,123.711,2025-01-27,18:20,Cash,117.82,4.7619,5.891,7.6
INV-A2502-1625,A,Yangon,Member,Female,Health and beauty,14.65,5,3.6625,76.9125,2025-02-26,10:58,Cash,73.25,4.7619,3.6625,6.0
INV-C2502-1626,C,Naypyitaw,Normal,Male,Food and beverages,22.29,10,11.145,234.045,2025-02-05,10:16,Cash,222.9,4.7619,11.145,9.2
INV-C2501-1627,C,Naypyitaw,Normal,Female,Electronic accessories,80.45,1,4.0225,84.4725,2025-01-28,10:09,Credit card,80.45,4.7619,4.0225,8.2
INV-A2502-1628,A,Yangon,Member,Female,Sports and travel,16.35,3,2.4525,51.5025,2025-02-25,19:11,Credit card,49.05,4.7619,2.4525,7.3
INV-C2501-1629,C,Naypyitaw,Normal,Male,Health and beauty,59.36,8,23.744,498.624,2025-01-19,15:18,Ewallet,474.88,4.7619,23.744,6.2
INV-C2501-1630,C,Naypyitaw,Normal,Female,Home and lifestyle,49.88,9,22.446,471.366,2025-01-31,12:17,Credit card,448.92,4.7619,22.446,5.5
INV-A2501-1631,A,Yangon,Normal,Female,Sports and travel,42.57,3,6.3855,134.0955,2025-01-15,14:54,Cash,127.71,4.7619,6.3855,8.4
INV-B2503-1632,B,Mandalay,Member,Male,Health and beauty,78.92,6,23.676,497.196,2025-03-11,10:41,Ewallet,473.52,4.7619,23.676,4.3
INV-B2503-1633,B,Mandalay,Member,Female,Food and beverages,19.1,2,1.91,40.11,2025-03-31,17:17,Ewallet,38.2,4.7619,1.91,8.8
INV-A2503-1634,A,Yangon,Normal,Female,Fashion accessories,56.22,9,25.299,531.279,2025-03-18,12:43,Cash,505.98,4.7619,25.299,6.8
INV-B2503-1635,B,Mandalay,Normal,Male,Fashion accessories,43.88,10,21.94,460.74,2025-03-01,15:01,Ewallet,438.8,4.7619,21.94,6.8
INV-A2503-1636,A,Yangon,Normal,Female,Fashion accessories,40.03,6,12.009,252.189,2025-03-16,12:46,Cash,240.18,4.7619,12.009,9.9
INV-B2501-1637,B,Mandalay,Normal,Male,Food and beverages,20.22,8,8.088,169.848,2025-01-23,20:11,Ewallet,161.76,4.7619,8.088,6.1
INV-C2502-1638,C,Naypyitaw,Member,Female,Sports and travel,95.16,4,19.032,399.672,2025-02-12,13:52,Cash,380.64,4.7619,19.032,5.4
INV-C2502-1639,C,Naypyitaw,Normal,Female,Electronic accessories,75.59,5,18.8975,396.8475,2025-02-09,13:18,Credit card,377.95,4.7619,18.8975,6.1
INV-A2503-1640,A,Yangon,Normal,Female,Electronic accessories,75.49,4,15.098,317.058,2025-03-28,10:54,Cash,301.96,4.7619,15.098,9.7
INV-A2503-1641,A,Yangon,Normal,Female,Fashion accessories,17.69,5,4.4225,92.8725,2025-03-12,10:50,Ewallet,88.45,4.7619,4.4225,9.4
INV-C2502-1642,C,Naypyitaw,Member,Male,Health and beauty,88.69,7,31.0415,651.8715,2025-02-07,16:28,Ewallet,620.83,4.7619,31.0415,6.9
INV-C2502-1643,C,Naypyitaw,Normal,Female,Home and lifestyle,95.94,5,23.985,503.685,2025-02-19,12:27,Cash,479.7,4.7619,23.985,9.1
INV-B2501-1644,B,Mandalay,Member,Male,Home and lifestyle,41.36,9,18.612,390.852,2025-01-16,14:30,Ewallet,372.24,4.7619,18.612,4.4
INV-C2501-1645,C,Naypyitaw,Normal,Female,Electronic accessories,42.25,7,14.7875,310.5375,2025-01-30,16:51,Ewallet,295.75,4.7619,14.7875,9.9
INV-A2502-1646,A,Yangon,Member,Female,Electronic accessories,44.49,6,13.347,280.287,2025-02-25,20:24,Ewallet,266.94,4.7619,13.347,7.8
INV-A2501-1647,A,Yangon,Member,Male,Fashion accessories,40.11,2,4.011,84.231,2025-01-20,19:26,Cash,80.22,4.7619,4.011,5.9
INV-B2503-1648,B,Mandalay,Member,Female,Fashion accessories,77.19,1,3.8595,81.0495,2025-03-11,20:03,Ewallet,77.19,4.7619,3.8595,6.6
INV-C2503-1649,C,Naypyitaw,Member,Female,Home and lifestyle,62.06,3,9.309,195.489,2025-03-07,19:22,Credit card,186.18,4.7619,9.309,9.3
INV-B2502-1650,B,Mandalay,Member,Female,Electronic accessories,65.85,9,29.6325,622.2825,2025-02-16,10:13,Credit card,592.65,4.7619,29.6325,5.4
INV-A2501-1651,A,Yangon,Member,Female,Health and beauty,67.42,5,16.855,353.955,2025-01-29,12:38,Credit card,337.1,4.7619,16.855,6.4
INV-A2502-1652,A,Yangon,Member,Male,Electronic accessories,22.55,2,2.255,47.355,2025-02-13,16:55,Cash,45.1,4.7619,2.255,5.2
INV-A2502-1653,A,Yangon,Normal,Male,Home and lifestyle,81.49,6,24.447,513.387,2025-02-28,15:27,Cash,488.94,4.7619,24.447,6.4
INV-B2502-1654,B,Mandalay,Normal,Male,Sports and travel,64.87,4,12.974,272.454,2025-02-20,20:11,Credit card,259.48,4.7619,12.974,6.9
INV-A2502-1655,A,Yangon,Normal,Female,Sports and travel,66.9,8,26.76,561.96,2025-02-10,17:37,Ewallet,535.2,4.7619,26.76,4.9
INV-B2501-1656,B,Mandalay,Member,Male,Fashion accessories,49.96,10,24.98,524.58,2025-01-18,19:43,Ewallet,499.6,4.7619,24.98,6.3
INV-A2501-1657,A,Yangon,Normal,Female,Home and lifestyle,32.44,4,6.488,136.248,2025-01-08,18:17,Credit card,129.76,4.7619,6.488,5.5
INV-C2501-1658,C,Naypyitaw,Member,Female,Health and beauty,69.02,7,24.157,507.297,2025-01-21,18:04,Ewallet,483.14,4.7619,24.157,5.9
INV-C2503-1659,C,Naypyitaw,Member,Male,Home and lifestyle,23.16,5,5.79,121.59,2025-03-08,18:35,Cash,115.8,4.7619,5.79,8.7
INV-B2502-1660,B,Mandalay,Normal,Female,Health and beauty,22.06,2,2.206,46.326,2025-02-10,12:31,Ewallet,44.12,4.7619,2.206,5.8
INV-B2502-1661,B,Mandalay,Normal,Male,Sports and travel,80.81,5,20.2025,424.2525,2025-02-05,13:51,Ewallet,404.05,4.7619,20.2025,5.7
INV-B2503-1662,B,Mandalay,Normal,Male,Electronic accessories,53.02,8,21.208,445.368,2025-03-19,16:39,Credit card,424.16,4.7619,21.208,5.2
INV-C2501-1663,C,Naypyitaw,Member,Female,Sports and travel,85.63,2,8.563,179.823,2025-01-25,10:28,Ewallet,171.26,4.7619,8.563,5.2
INV-C2502-1664,C,Naypyitaw,Member,Female,Food and beverages,65.21,8,26.084,547.764,2025-02-16,20:33,Cash,521.68,4.7619,26.084,7.8
INV-B2501-1665,B,Mandalay,Member,Male,Home and lifestyle,13.45,5,3.3625,70.6125,2025-01-14,11:29,Ewallet,67.25,4.7619,3.3625,5.1
INV-C2501-1666,C,Naypyitaw,Member,Female,Health and beauty,97.09,2,9.709,203.889,2025-01-11,16:44,Ewallet,194.18,4.7619,9.709,7.2
INV-B2501-1667,B,Mandalay,Normal,Female,Health and beauty,74.12,3,11.118,233.478,2025-01-19,13:45,Ewallet,222.36,4.7619,11.118,9.8
INV-C2501-1668,C,Naypyitaw,Normal,Male,Fashion accessories,45.36,1,2.268,47.628,2025-01-18,19:41,Cash,45.36,4.7619,2.268,6.0
INV-B2502-1669,B,Mandalay,Member,Male,Sports and travel,19.33,6,5.799,121.779,2025-02-21,16:53,Cash,115.98,4.7619,5.799,9.5
INV-C2501-1670,C,Naypyitaw,Member,Male,Sports and travel,70.47,3,10.5705,221.9805,2025-01-03,20:01,Cash,211.41,4.7619,10.5705,9.1
INV-B2502-1671,B,Mandalay,Member,Female,Food and beverages,22.69,2,2.269,47.649,2025-02-20,14:49,Ewallet,45.38,4.7619,2.269,5.4
INV-B2501-1672,B,Mandalay,Member,Female,Health and beauty,82.29,1,4.1145,86.4045,2025-01-19,16:30,Ewallet,82.29,4.7619,4.1145,9.4
INV-C2502-1673,C,Naypyitaw,Member,Female,Fashion accessories,17.16,7,6.006,126.126,2025-02-21,14:58,Ewallet,120.12,4.7619,6.006,9.2
INV-C2503-1674,C,Naypyitaw,Member,Male,Health and beauty,86.33,5,21.5825,453.2325,2025-03-17,14:28,Credit card,431.65,4.7619,21.5825,6.7
INV-A2502-1675,A,Yangon,Normal,Male,Fashion accessories,70.88,2,7.088,148.848,2025-02-26,11:10,Cash,141.76,4.7619,7.088,4.4
INV-C2502-1676,C,Naypyitaw,Normal,Male,Electronic accessories,55.12,8,22.048,463.008,2025-02-07,13:09,Credit card,440.96,4.7619,22.048,7.6
INV-C2502-1677,C,Naypyitaw,Member,Female,Fashion accessories,21.22,4,4.244,89.124,2025-02-25,13:15,Credit card,84.88,4.7619,4.244,7.6
INV-A2502-1678,A,Yangon,Member,Male,Food and beverages,37.01,5,9.2525,194.3025,2025-02-06,19:29,Credit card,185.05,4.7619,9.2525,4.1
INV-A2501-1679,A,Yangon,Normal,Female,Sports and travel,58.27,4,11.654,244.734,2025-01-14,13:10,Credit card,233.08,4.7619,11.654,7.8
INV-A2502-1680,A,Yangon,Member,Male,Food and beverages,57.25,6,17.175,360.675,2025-02-12,18:43,Cash,343.5,4.7619,17.175,5.4
INV-B2501-1681,B,Mandalay,Member,Male,Home and lifestyle,32.6,7,11.41,239.61,2025-01-12,13:00,Cash,228.2,4.7619,11.41,5.9
INV-C2502-1682,C,Naypyitaw,Member,Male,Food and beverages,78.51,10,39.255,824.355,2025-02-01,19:36,Credit card,785.1,4.7619,39.255,7.4
INV-C2501-1683,C,Naypyitaw,Normal,Male,Fashion accessories,68.36,7,23.926,502.446,2025-01-01,14:27,Cash,478.52,4.7619,23.926,9.8
INV-A2502-1684,A,Yangon,Normal,Female,Home and lifestyle,20.56,2,2.056,43.176,2025-02-03,11:20,Ewallet,41.12,4.7619,2.056,7.4
INV-A2502-1685,A,Yangon,Normal,Female,Fashion accessories,78.77,1,3.9385,82.7085,2025-02-24,16:02,Cash,78.77,4.7619,3.9385,9.8
INV-C2503-1686,C,Naypyitaw,Normal,Male,Health and beauty,17.46,2,1.746,36.666,2025-03-11,17:03,Ewallet,34.92,4.7619,1.746,6.1
INV-C2503-1687,C,Naypyitaw,Member,Female,Electronic accessories,52.82,7,18.487,388.227,2025-03-07,19:03,Credit card,369.74,4.7619,18.487,6.0
INV-C2502-1688,C,Naypyitaw,Normal,Female,Home and lifestyle,21.96,4,4.392,92.232,2025-02-14,11:03,Cash,87.84,4.7619,4.392,6.4
INV-A2502-1689,A,Yangon,Member,Male,Sports and travel,45.47,7,15.9145,334.2045,2025-02-03,13:05,Cash,318.29,4.7619,15.9145,9.9
INV-B2503-1690,B,Mandalay,Member,Female,Electronic accessories,92.3,7,32.305,678.405,2025-03-11,11:45,Cash,646.1,4.7619,32.305,5.3
INV-A2502-1691,A,Yangon,Normal,Male,Health and beauty,49.01,5,12.2525,257.3025,2025-02-24,10:14,Ewallet,245.05,4.7619,12.2525,7.0
INV-A2502-1692,A,Yangon,Normal,Female,Home and lifestyle,26.29,9,11.8305,248.4405,2025-02-05,18:09,Cash,236.61,4.7619,11.8305,6.7
INV-A2501-1693,A,Yangon,Normal,Male,Home and lifestyle,12.9,9,5.805,121.905,2025-01-09,14:59,Ewallet,116.1,4.7619,5.805,8.8
INV-B2502-1694,B,Mandalay,Member,Female,Health and beauty,33.81,9,15.2145,319.5045,2025-02-16,19:09,Ewallet,304.29,4.7619,15.2145,8.8
INV-B2502-1695,B,Mandalay,Member,Male,Home and lifestyle,11.86,2,1.186,24.906,2025-02-06,18:50,Cash,23.72,4.7619,1.186,5.9
INV-C2501-1696,C,Naypyitaw,Member,Male,Fashion accessories,44.54,8,17.816,374.136,2025-01-26,14:22,Ewallet,356.32,4.7619,17.816,7.9
INV-B2503-1697,B,Mandalay,Member,Female,Sports and travel,28.3,2,2.83,59.43,2025-03-15,12:25,Ewallet,56.6,4.7619,2.83,9.4
INV-C2501-1698,C,Naypyitaw,Normal,Male,Health and beauty,54.07,3,8.1105,170.3205,2025-01-01,19:42,Ewallet,162.21,4.7619,8.1105,5.2
INV-A2503-1699,A,Yangon,Normal,Male,Food and beverages,61.14,10,30.57,641.97,2025-03-23,16:28,Cash,611.4,4.7619,30.57,6.1
INV-B2501-1700,B,Mandalay,Normal,Female,Health and beauty,84.4,10,42.2,886.2,2025-01-08,17:35,Credit card,844.0,4.7619,42.2,6.4
INV-C2503-1701,C,Naypyitaw,Normal,Male,Health and beauty,26.87,8,10.748,225.708,2025-03-11,15:20,Credit card,214.96,4.7619,10.748,7.9
INV-A2502-1702,A,Yangon,Normal,Female,Sports and travel,25.62,1,1.281,26.901,2025-02-19,17:52,Ewallet,25.62,4.7619,1.281,7.0
INV-B2503-1703,B,Mandalay,Member,Female,Home and lifestyle,76.0,9,34.2,718.2,2025-03-24,19:15,Credit card,684.0,4.7619,34.2,9.2
INV-C2501-1704,C,Naypyitaw,Normal,Female,Home and lifestyle,71.14,2,7.114,149.394,2025-01-25,14:20,Credit card,142.28,4.7619,7.114,5.7
INV-A2503-1705,A,Yangon,Normal,Female,Electronic accessories,78.9,7,27.615,579.915,2025-03-14,11:09,Ewallet,552.3,4.7619,27.615,8.1
INV-B2503-1706,B,Mandalay,Normal,Female,Food and beverages,55.04,5,13.76,288.96,2025-03-20,13:00,Ewallet,275.2,4.7619,13.76,9.3
INV-B2501-1707,B,Mandalay,Member,Male,Fashion accessories,60.83,2,6.083,127.743,2025-01-11,10:17,Credit card,121.66,4.7619,6.083,7.9
INV-A2501-1708,A,Yangon,Member,Female,Health and beauty,94.89,3,14.2335,298.9035,2025-01-24,16:54,Credit card,284.67,4.7619,14.2335,6.8
INV-C2502-1709,C,Naypyitaw,Member,Male,Sports and travel,73.43,3,11.0145,231.3045,2025-02-19,16:25,Credit card,220.29,4.7619,11.0145,4.2
INV-B2503-1710,B,Mandalay,Normal,Male,Home and lifestyle,47.83,2,4.783,100.443,2025-03-20,11:45,Ewallet,95.66,4.7619,4.783,6.1
INV-A2502-1711,A,Yangon,Normal,Male,Electronic accessories,36.5,5,9.125,191.625,2025-02-13,16:43,Credit card,182.5,4.7619,9.125,6.7
INV-A2502-1712,A,Yangon,Normal,Male,Sports and travel,94.09,9,42.3405,889.1505,2025-02-18,13:04,Cash,846.81,4.7619,42.3405,9.5
INV-A2501-1713,A,Yangon,Normal,Female,Electronic accessories,84.08,10,42.04,882.84,2025-01-11,12:19,Cash,840.8,4.7619,42.04,9.8
INV-B2501-1714,B,Mandalay,Member,Male,Electronic accessories,44.66,10,22.33,468.93,2025-01-07,18:10,Credit card,446.6,4.7619,22.33,5.2
INV-C2502-1715,C,Naypyitaw,Member,Female,Sports and travel,79.93,9,35.9685,755.3385,2025-02-06,10:34,Credit card,719.37,4.7619,35.9685,4.6
INV-B2502-1716,B,Mandalay,Normal,Male,Health and beauty,43.48,10,21.74,456.54,2025-02-10,18:36,Credit card,434.8,4.7619,21.74,4.4
INV-B2502-1717,B,Mandalay,Normal,Female,Electronic accessories,82.27,3,12.3405,259.1505,2025-02-23,18:50,Cash,246.81,4.7619,12.3405,5.9
INV-C2503-1718,C,Naypyitaw,Normal,Male,Health and beauty,82.86,10,41.43,870.03,2025-03-09,14:28,Ewallet,828.6,4.7619,41.43,4.9
INV-C2502-1719,C,Naypyitaw,Member,Male,Sports and travel,66.95,9,30.1275,632.6775,2025-02-10,15:08,Ewallet,602.55,4.7619,30.1275,5.6
INV-B2502-1720,B,Mandalay,Normal,Male,Sports and travel,23.27,10,11.635,244.335,2025-02-28,10:18,Credit card,232.7,4.7619,11.635,6.2
INV-C2501-1721,C,Naypyitaw,Member,Male,Food and beverages,65.82,6,19.746,414.666,2025-01-13,10:22,Credit card,394.92,4.7619,19.746,8.2
INV-C2503-1722,C,Naypyitaw,Normal,Female,Home and lifestyle,28.41,2,2.841,59.661,2025-03-04,10:32,Cash,56.82,4.7619,2.841,4.8
INV-B2503-1723,B,Mandalay,Normal,Male,Electronic accessories,97.56,6,29.268,614.628,2025-03-14,12:09,Ewallet,585.36,4.7619,29.268,9.7
INV-C2501-1724,C,Naypyitaw,Normal,Male,Electronic accessories,80.71,4,16.142,338.982,2025-01-16,13:51,Credit card,322.84,4.7619,16.142,5.7
INV-C2503-1725,C,Naypyitaw,Member,Male,Health and beauty,68.77,5,17.1925,361.0425,2025-03-11,18:23,Credit card,343.85,4.7619,17.1925,5.4
INV-A2503-1726,A,Yangon,Member,Male,Sports and travel,90.06,8,36.024,756.504,2025-03-01,20:59,Credit card,720.48,4.7619,36.024,7.8
INV-A2502-1727,A,Yangon,Normal,Male,Electronic accessories,90.44,9,40.698,854.658,2025-02-07,10:30,Credit card,813.96,4.7619,40.698,7.0
INV-C2501-1728,C,Naypyitaw,Member,Female,Sports and travel,61.96,5,15.49,325.29,2025-01-24,14:15,Cash,309.8,4.7619,15.49,5.0
INV-C2503-1729,C,Naypyitaw,Member,Male,Fashion accessories,52.69,1,2.6345,55.3245,2025-03-12,17:21,Cash,52.69,4.7619,2.6345,4.1
INV-B2502-1730,B,Mandalay,Member,Female,Electronic accessories,57.95,8,23.18,486.78,2025-02-12,17:54,Credit card,463.6,4.7619,23.18,9.7
INV-C2503-1731,C,Naypyitaw,Normal,Male,Food and beverages,59.89,6,17.967,377.307,2025-03-09,15:44,Credit card,359.34,4.7619,17.967,7.1
INV-C2503-1732,C,Naypyitaw,Member,Male,Home and lifestyle,37.36,1,1.868,39.228,2025-03-11,11:52,Ewallet,37.36,4.7619,1.868,8.0
INV-A2503-1733,A,Yangon,Member,Male,Home and lifestyle,35.13,6,10.539,221.319,2025-03-24,19:38,Ewallet,210.78,4.7619,10.539,5.2
INV-A2503-1734,A,Yangon,Member,Male,Health and beauty,25.47,5,6.3675,133.7175,2025-03-15,17:25,Ewallet,127.35,4.7619,6.3675,9.2
INV-A2501-1735,A,Yangon,Member,Male,Home and lifestyle,95.99,5,23.9975,503.9475,2025-01-19,19:07,Ewallet,479.95,4.7619,23.9975,5.1
INV-B2501-1736,B,Mandalay,Member,Female,Food and beverages,73.92,9,33.264,698.544,2025-01-30,11:17,Credit card,665.28,4.7619,33.264,9.0
INV-C2501-1737,C,Naypyitaw,Normal,Female,Fashion accessories,10.62,8,4.248,89.208,2025-01-05,15:51,Ewallet,84.96,4.7619,4.248,8.8
INV-B2503-1738,B,Mandalay,Normal,Female,Sports and travel,13.5,7,4.725,99.225,2025-03-01,14:39,Credit card,94.5,4.7619,4.725,4.8
INV-A2501-1739,A,Yangon,Member,Male,Home and lifestyle,48.22,2,4.822,101.262,2025-01-26,10:25,Credit card,96.44,4.7619,4.822,6.6
INV-B2501-1740,B,Mandalay,Member,Female,Home and lifestyle,67.26,10,33.63,706.23,2025-01-03,15:40,Credit card,672.6,4.7619,33.63,9.3
INV-B2503-1741,B,Mandalay,Member,Male,Sports and travel,19.8,4,3.96,83.16,2025-03-06,13:04,Cash,79.2,4.7619,3.96,4.7
INV-B2502-1742,B,Mandalay,Normal,Male,Health and beauty,98.95,2,9.895,207.795,2025-02-04,13:38,Cash,197.9,4.7619,9.895,7.6
INV-A2501-1743,A,Yangon,Member,Male,Home and lifestyle,69.3,8,27.72,582.12,2025-01-31,14:25,Ewallet,554.4,4.7619,27.72,8.4
INV-C2503-1744,C,Naypyitaw,Member,Female,Fashion accessories,77.81,2,7.781,163.401,2025-03-29,12:58,Credit card,155.62,4.7619,7.781,8.3
INV-A2501-1745,A,Yangon,Member,Female,Fashion accessories,11.04,5,2.76,57.96,2025-01-19,14:31,Cash,55.2,4.7619,2.76,9.3
INV-C2502-1746,C,Naypyitaw,Normal,Male,Home and lifestyle,68.67,6,20.601,432.621,2025-02-20,16:41,Ewallet,412.02,4.7619,20.601,9.4
INV-C2501-1747,C,Naypyitaw,Member,Male,Health and beauty,61.45,6,18.435,387.135,2025-01-01,18:55,Credit card,368.7,4.7619,18.435,7.0
INV-A2501-1748,A,Yangon,Member,Male,Fashion accessories,14.39,6,4.317,90.657,2025-01-30,20:39,Ewallet,86.34,4.7619,4.317,9.4
INV-B2501-1749,B,Mandalay,Member,Female,Health and beauty,28.28,2,2.828,59.388,2025-01-26,18:04,Credit card,56.56,4.7619,2.828,10.0
INV-A2502-1750,A,Yangon,Member,Male,Fashion accessories,22.64,2,2.264,47.544,2025-02-05,14:30,Cash,45.28,4.7619,2.264,4.3
INV-B2501-1751,B,Mandalay,Normal,Female,Food and beverages,71.92,1,3.596,75.516,2025-01-31,15:37,Cash,71.92,4.7619,3.596,5.3
INV-B2501-1752,B,Mandalay,Member,Female,Health and beauty,89.04,10,44.52,934.92,2025-01-09,15:08,Cash,890.4,4.7619,44.52,7.5
INV-B2503-1753,B,Mandalay,Member,Female,Fashion accessories,13.29,6,3.987,83.727,2025-03-07,19:19,Credit card,79.74,4.7619,3.987,9.8
INV-C2503-1754,C,Naypyitaw,Normal,Male,Fashion accessories,57.55,6,17.265,362.565,2025-03-15,17:00,Credit card,345.3,4.7619,17.265,6.5
INV-B2502-1755,B,Mandalay,Normal,Male,Food and beverages,35.87,7,12.5545,263.6445,2025-02-20,14:29,Cash,251.09,4.7619,12.5545,5.5
INV-B2502-1756,B,Mandalay,Normal,Male,Sports and travel,85.31,4,17.062,358.302,2025-02-22,16:55,Cash,341.24,4.7619,17.062,9.0
INV-A2502-1757,A,Yangon,Member,Female,Fashion accessories,23.2,7,8.12,170.52,2025-02-01,10:23,Credit card,162.4,4.7619,8.12,4.6
INV-B2501-1758,B,Mandalay,Member,Female,Health and beauty,98.69,8,39.476,828.996,2025-01-26,20:42,Ewallet,789.52,4.7619,39.476,7.4
INV-B2502-1759,B,Mandalay,Member,Female,Home and lifestyle,23.63,2,2.363,49.623,2025-02-19,13:55,Cash,47.26,4.7619,2.363,5.3
INV-C2502-1760,C,Naypyitaw,Normal,Female,Sports and travel,20.78,10,10.39,218.19,2025-02-16,12:20,Ewallet,207.8,4.7619,10.39,8.9
INV-A2503-1761,A,Yangon,Member,Male,Sports and travel,62.42,10,31.21,655.41,2025-03-16,19:21,Ewallet,624.2,4.7619,31.21,4.9
INV-B2501-1762,B,Mandalay,Member,Female,Food and beverages,58.15,5,14.5375,305.2875,2025-01-19,14:53,Credit card,290.75,4.7619,14.5375,8.3
INV-B2503-1763,B,Mandalay,Normal,Male,Fashion accessories,13.21,10,6.605,138.705,2025-03-23,17:27,Ewallet,132.1,4.7619,6.605,5.1
INV-C2503-1764,C,Naypyitaw,Normal,Female,Health and beauty,67.96,7,23.786,499.506,2025-03-12,17:02,Ewallet,475.72,4.7619,23.786,7.4
INV-B2501-1765,B,Mandalay,Normal,Female,Health and beauty,62.81,9,28.2645,593.5545,2025-01-13,17:24,Ewallet,565.29,4.7619,28.2645,9.4
INV-B2501-1766,B,Mandalay,Normal,Female,Fashion accessories,52.41,4,10.482,220.122,2025-01-09,11:19,Cash,209.64,4.7619,10.482,8.6
INV-C2503-1767,C,Naypyitaw,Normal,Female,Health and beauty,78.25,7,27.3875,575.1375,2025-03-09,20:19,Credit card,547.75,4.7619,27.3875,6.3
INV-B2503-1768,B,Mandalay,Normal,Male,Sports and travel,89.51,1,4.4755,93.9855,2025-03-26,16:03,Credit card,89.51,4.7619,4.4755,6.1
INV-B2503-1769,B,Mandalay,Member,Female,Electronic accessories,12.29,6,3.687,77.427,2025-03-02,11:31,Credit card,73.74,4.7619,3.687,4.9
INV-C2501-1770,C,Naypyitaw,Member,Male,Food and beverages,56.19,4,11.238,235.998,2025-01-27,12:47,Credit card,224.76,4.7619,11.238,5.2
INV-C2501-1771,C,Naypyitaw,Normal,Male,Health and beauty,12.17,6,3.651,76.671,2025-01-16,18:26,Cash,73.02,4.7619,3.651,8.1
INV-A2501-1772,A,Yangon,Member,Male,Sports and travel,33.77,4,6.754,141.834,2025-01-21,12:38,Credit card,135.08,4.7619,6.754,9.6
INV-B2503-1773,B,Mandalay,Normal,Female,Food and beverages,53.7,5,13.425,281.925,2025-03-31,12:03,Cash,268.5,4.7619,13.425,7.6
INV-B2502-1774,B,Mandalay,Member,Female,Health and beauty,60.7,10,30.35,637.35,2025-02-08,18:06,Credit card,607.0,4.7619,30.35,6.6
INV-A2501-1775,A,Yangon,Member,Male,Food and beverages,79.77,2,7.977,167.517,2025-01-30,20:15,Credit card,159.54,4.7619,7.977,8.0
INV-A2502-1776,A,Yangon,Normal,Female,Food and beverages,33.7,5,8.425,176.925,2025-02-10,13:39,Ewallet,168.5,4.7619,8.425,5.0
INV-B2501-1777,B,Mandalay,Normal,Female,Food and beverages,20.03,8,8.012,168.252,2025-01-27,11:40,Cash,160.24,4.7619,8.012,5.4
INV-A2502-1778,A,Yangon,Member,Male,Food and beverages,24.19,7,8.4665,177.7965,2025-02-20,20:57,Cash,169.33,4.7619,8.4665,9.8
INV-A2501-1779,A,Yangon,Normal,Male,Sports and travel,48.11,10,24.055,505.155,2025-01-21,13:13,Ewallet,481.1,4.7619,24.055,6.9
INV-C2502-1780,C,Naypyitaw,Member,Male,Health and beauty,31.07,7,10.8745,228.3645,2025-02-02,16:42,Credit card,217.49,4.7619,10.8745,7.7
INV-B2502-1781,B,Mandalay,Normal,Female,Electronic accessories,96.97,4,19.394,407.274,2025-02-16,19:18,Cash,387.88,4.7619,19.394,6.4
INV-C2503-1782,C,Naypyitaw,Member,Female,Food and beverages,59.84,7,20.944,439.824,2025-03-25,17:17,Cash,418.88,4.7619,20.944,4.8
INV-A2501-1783,A,Yangon,Member,Female,Health and beauty,56.74,2,5.674,119.154,2025-01-18,16:48,Cash,113.48,4.7619,5.674,5.3
INV-C2503-1784,C,Naypyitaw,Normal,Female,Fashion accessories,83.02,10,41.51,871.71,2025-03-12,12:55,Cash,830.2,4.7619,41.51,7.3
INV-A2501-1785,A,Yangon,Normal,Female,Health and beauty,31.81,1,1.5905,33.4005,2025-01-12,10:29,Credit card,31.81,4.7619,1.5905,8.1
INV-B2502-1786,B,Mandalay,Normal,Female,Fashion accessories,59.96,10,29.98,629.58,2025-02-05,17:31,Ewallet,599.6,4.7619,29.98,7.4
INV-B2503-1787,B,Mandalay,Normal,Female,Health and beauty,34.24,10,17.12,359.52,2025-03-25,16:21,Credit card,342.4,4.7619,17.12,4.0
INV-A2502-1788,A,Yangon,Member,Female,Electronic accessories,15.93,7,5.5755,117.0855,2025-02-06,19:21,Credit card,111.51,4.7619,5.5755,8.5
INV-A2502-1789,A,Yangon,Member,Female,Sports and travel,92.63,5,23.1575,486.3075,2025-02-17,16:28,Ewallet,463.15,4.7619,23.1575,5.8
INV-B2502-1790,B,Mandalay,Normal,Female,Health and beauty,91.57,10,45.785,961.485,2025-02-19,16:12,Cash,915.7,4.7619,45.785,6.1
INV-A2501-1791,A,Yangon,Normal,Male,Food and beverages,64.12,2,6.412,134.652,2025-01-31,19:31,Ewallet,128.24,4.7619,6.412,9.3
INV-A2501-1792,A,Yangon,Member,Male,Food and beverages,28.68,5,7.17,150.57,2025-01-17,19:12,Cash,143.4,4.7619,7.17,9.8
INV-A2501-1793,A,Yangon,Normal,Female,Health and beauty,39.92,6,11.976,251.496,2025-01-20,18:03,Cash,239.52,4.7619,11.976,5.0
INV-B2502-1794,B,Mandalay,Member,Female,Electronic accessories,50.3,1,2.515,52.815,2025-02-17,17:32,Cash,50.3,4.7619,2.515,8.1
INV-B2503-1795,B,Mandalay,Member,Female,Electronic accessories,98.03,4,19.606,411.726,2025-03-28,20:21,Cash,392.12,4.7619,19.606,4.9
INV-B2502-1796,B,Mandalay,Member,Male,Health and beauty,20.19,3,3.0285,63.5985,2025-02-17,17:28,Credit card,60.57,4.7619,3.0285,4.2
INV-A2502-1797,A,Yangon,Member,Female,Sports and travel,26.39,1,1.3195,27.7095,2025-02-19,17:59,Ewallet,26.39,4.7619,1.3195,8.4
INV-A2502-1798,A,Yangon,Normal,Male,Health and beauty,85.58,9,38.511,808.731,2025-02-08,16:27,Cash,770.22,4.7619,38.511,6.7
INV-B2501-1799,B,Mandalay,Normal,Male,Sports and travel,84.32,8,33.728,708.288,2025-01-05,10:04,Credit card,674.56,4.7619,33.728,7.2
INV-C2503-1800,C,Naypyitaw,Member,Female,Electronic accessories,44.3,6,13.29,279.09,2025-03-30,16:28,Cash,265.8,4.7619,13.29,7.7
INV-B2501-1801,B,Mandalay,Normal,Male,Health and beauty,43.26,5,10.815,227.115,2025-01-15,13:06,Credit card,216.3,4.7619,10.815,6.7
INV-C2502-1802,C,Naypyitaw,Normal,Female,Fashion accessories,17.21,6,5.163,108.423,2025-02-04,12:25,Cash,103.26,4.7619,5.163,5.5
INV-B2502-1803,B,Mandalay,Member,Female,Health and beauty,66.95,4,13.39,281.19,2025-02-07,20:33,Credit card,267.8,4.7619,13.39,9.5
INV-C2503-1804,C,Naypyitaw,Member,Female,Health and beauty,22.99,8,9.196,193.116,2025-03-10,17:54,Ewallet,183.92,4.7619,9.196,8.3
INV-B2501-1805,B,Mandalay,Member,Male,Electronic accessories,48.78,3,7.317,153.657,2025-01-10,10:05,Ewallet,146.34,4.7619,7.317,8.7
INV-B2502-1806,B,Mandalay,Member,Male,Home and lifestyle,57.25,9,25.7625,541.0125,2025-02-08,14:50,Ewallet,515.25,4.7619,25.7625,5.2
INV-A2503-1807,A,Yangon,Normal,Female,Fashion accessories,76.68,4,15.336,322.056,2025-03-14,13:25,Credit card,306.72,4.7619,15.336,9.0
INV-C2503-1808,C,Naypyitaw,Normal,Female,Electronic accessories,52.96,5,13.24,278.04,2025-03-13,20:40,Ewallet,264.8,4.7619,13.24,8.1
INV-C2502-1809,C,Naypyitaw,Normal,Female,Fashion accessories,67.12,8,26.848,563.808,2025-02-24,15:54,Ewallet,536.96,4.7619,26.848,4.5
INV-C2503-1810,C,Naypyitaw,Normal,Female,Electronic accessories,78.24,9,35.208,739.368,2025-03-19,18:14,Credit card,704.16,4.7619,35.208,6.4
INV-A2501-1811,A,Yangon,Normal,Female,Home and lifestyle,81.65,8,32.66,685.86,2025-01-03,15:45,Ewallet,653.2,4.7619,32.66,7.4
INV-A2502-1812,A,Yangon,Normal,Male,Home and lifestyle,59.48,6,17.844,374.724,2025-02-17,19:19,Cash,356.88,4.7619,17.844,4.7
INV-A2502-1813,A,Yangon,Member,Female,Health and beauty,79.6,9,35.82,752.22,2025-02-18,17:56,Ewallet,716.4,4.7619,35.82,10.0
INV-B2502-1814,B,Mandalay,Normal,Male,Home and lifestyle,97.77,8,39.108,821.268,2025-02-06,13:55,Ewallet,782.16,4.7619,39.108,4.0
INV-A2503-1815,A,Yangon,Member,Male,Home and lifestyle,86.25,10,43.125,905.625,2025-03-13,20:40,Credit card,862.5,4.7619,43.125,9.4
INV-C2502-1816,C,Naypyitaw,Member,Male,Health and beauty,43.67,9,19.6515,412.6815,2025-02-06,16:06,Cash,393.03,4.7619,19.6515,5.2
INV-A2502-1817,A,Yangon,Normal,Male,Home and lifestyle,64.24,10,32.12,674.52,2025-02-15,10:45,Cash,642.4,4.7619,32.12,7.5
INV-B2503-1818,B,Mandalay,Normal,Male,Home and lifestyle,21.34,5,5.335,112.035,2025-03-28,14:34,Credit card,106.7,4.7619,5.335,4.1
INV-A2501-1819,A,Yangon,Normal,Female,Food and beverages,22.37,6,6.711,140.931,2025-01-05,10:20,Credit card,134.22,4.7619,6.711,7.6
INV-A2503-1820,A,Yangon,Normal,Male,Electronic accessories,32.98,1,1.649,34.629,2025-03-23,12:50,Cash,32.98,4.7619,1.649,9.2
INV-C2502-1821,C,Naypyitaw,Member,Female,Food and beverages,94.67,6,28.401,596.421,2025-02-26,19:33,Cash,568.02,4.7619,28.401,4.3
INV-C2501-1822,C,Naypyitaw,Normal,Male,Sports and travel,67.61,5,16.9025,354.9525,2025-01-05,17:12,Ewallet,338.05,4.7619,16.9025,8.6
INV-B2501-1823,B,Mandalay,Member,Female,Food and beverages,55.9,5,13.975,293.475,2025-01-18,14:44,Ewallet,279.5,4.7619,13.975,6.8
INV-B2502-1824,B,Mandalay,Normal,Female,Food and beverages,91.15,10,45.575,957.075,2025-02-03,20:14,Ewallet,911.5,4.7619,45.575,7.5
INV-B2503-1825,B,Mandalay,Normal,Male,Food and beverages,53.31,2,5.331,111.951,2025-03-31,10:17,Ewallet,106.62,4.7619,5.331,5.7
INV-C2503-1826,C,Naypyitaw,Member,Female,Health and beauty,95.93,10,47.965,1007.265,2025-03-27,11:04,Cash,959.3,4.7619,47.965,9.7
INV-A2503-1827,A,Yangon,Normal,Female,Electronic accessories,62.71,3,9.4065,197.5365,2025-03-13,10:12,Credit card,188.13,4.7619,9.4065,5.2
INV-B2502-1828,B,Mandalay,Member,Female,Health and beauty,31.39,2,3.139,65.919,2025-02-11,17:10,Ewallet,62.78,4.7619,3.139,8.6
INV-A2503-1829,A,Yangon,Member,Male,Home and lifestyle,26.96,10,13.48,283.08,2025-03-10,11:23,Credit card,269.6,4.7619,13.48,9.4
INV-B2502-1830,B,Mandalay,Member,Male,Fashion accessories,61.25,1,3.0625,64.3125,2025-02-10,20:01,Cash,61.25,4.7619,3.0625,6.8
INV-C2501-1831,C,Naypyitaw,Normal,Male,Electronic accessories,53.76,3,8.064,169.344,2025-01-04,13:26,Credit card,161.28,4.7619,8.064,8.5
INV-B2501-1832,B,Mandalay,Member,Male,Sports and travel,78.93,2,7.893,165.753,2025-01-19,19:17,Cash,157.86,4.7619,7.893,9.4
INV-A2503-1833,A,Yangon,Normal,Female,Health and beauty,49.7,8,19.88,417.48,2025-03-26,11:17,Cash,397.6,4.7619,19.88,9.9
INV-C2501-1834,C,Naypyitaw,Normal,Female,Food and beverages,83.34,9,37.503,787.563,2025-01-28,14:41,Credit card,750.06,4.7619,37.503,9.2
INV-A2503-1835,A,Yangon,Normal,Female,Food and beverages,36.75,2,3.675,77.175,2025-03-20,10:21,Cash,73.5,4.7619,3.675,7.2
INV-A2503-1836,A,Yangon,Normal,Male,Fashion accessories,79.97,2,7.997,167.937,2025-03-18,12:34,Cash,159.94,4.7619,7.997,6.1
INV-B2503-1837,B,Mandalay,Member,Male,Fashion accessories,83.05,6,24.915,523.215,2025-03-18,17:29,Credit card,498.3,4.7619,24.915,8.0
INV-A2501-1838,A,Yangon,Member,Male,Home and lifestyle,41.34,5,10.335,217.035,2025-01-31,10:10,Ewallet,206.7,4.7619,10.335,6.4
INV-C2503-1839,C,Naypyitaw,Normal,Female,Fashion accessories,25.98,8,10.392,218.232,2025-03-09,18:28,Ewallet,207.84,4.7619,10.392,4.7
INV-B2501-1840,B,Mandalay,Member,Female,Electronic accessories,15.81,1,0.7905,16.6005,2025-01-23,15:25,Ewallet,15.81,4.7619,0.7905,8.4
INV-A2501-1841,A,Yangon,Normal,Female,Home and lifestyle,55.61,7,19.4635,408.7335,2025-01-18,17:18,Credit card,389.27,4.7619,19.4635,4.4
INV-B2501-1842,B,Mandalay,Normal,Male,Sports and travel,28.64,1,1.432,30.072,2025-01-22,13:33,Ewallet,28.64,4.7619,1.432,9.3
INV-B2501-1843,B,Mandalay,Member,Male,Food and beverages,22.52,9,10.134,212.814,2025-01-09,16:04,Cash,202.68,4.7619,10.134,8.0
INV-C2501-1844,C,Naypyitaw,Member,Female,Sports and travel,42.48,4,8.496,178.416,2025-01-03,13:22,Ewallet,169.92,4.7619,8.496,4.7
INV-B2503-1845,B,Mandalay,Member,Male,Sports and travel,50.87,8,20.348,427.308,2025-03-21,15:25,Cash,406.96,4.7619,20.348,5.3
INV-A2503-1846,A,Yangon,Normal,Male,Electronic accessories,66.11,5,16.5275,347.0775,2025-03-29,15:01,Cash,330.55,4.7619,16.5275,4.2
INV-C2502-1847,C,Naypyitaw,Normal,Male,Home and lifestyle,53.86,1,2.693,56.553,2025-02-06,17:55,Cash,53.86,4.7619,2.693,4.8
INV-C2501-1848,C,Naypyitaw,Normal,Female,Home and lifestyle,55.6,4,11.12,233.52,2025-01-26,20:39,Cash,222.4,4.7619,11.12,8.4
INV-B2502-1849,B,Mandalay,Normal,Male,Food and beverages,20.5,6,6.15,129.15,2025-02-10,19:52,Cash,123.0,4.7619,6.15,6.6
INV-B2503-1850,B,Mandalay,Normal,Male,Sports and travel,52.68,6,15.804,331.884,2025-03-24,14:34,Cash,316.08,4.7619,15.804,8.3
INV-C2501-1851,C,Naypyitaw,Normal,Male,Fashion accessories,94.73,6,28.419,596.799,2025-01-02,12:48,Ewallet,568.38,4.7619,28.419,9.9
INV-A2501-1852,A,Yangon,Member,Female,Fashion accessories,26.6,8,10.64,223.44,2025-01-12,12:10,Cash,212.8,4.7619,10.64,6.7
INV-C2501-1853,C,Naypyitaw,Normal,Female,Sports and travel,90.85,3,13.6275,286.1775,2025-01-15,19:52,Credit card,272.55,4.7619,13.6275,6.5
INV-C2503-1854,C,Naypyitaw,Normal,Female,Home and lifestyle,42.18,9,18.981,398.601,2025-03-01,19:30,Cash,379.62,4.7619,18.981,7.5
INV-B2502-1855,B,Mandalay,Member,Female,Sports and travel,47.32,6,14.196,298.116,2025-02-21,11:32,Credit card,283.92,4.7619,14.196,7.9
INV-A2503-1856,A,Yangon,Member,Female,Food and beverages,42.28,8,16.912,355.152,2025-03-04,19:25,Ewallet,338.24,4.7619,16.912,9.1
INV-C2503-1857,C,Naypyitaw,Normal,Female,Sports and travel,38.87,8,15.548,326.508,2025-03-13,15:18,Credit card,310.96,4.7619,15.548,4.5
INV-B2502-1858,B,Mandalay,Normal,Male,Electronic accessories,45.59,6,13.677,287.217,2025-02-03,12:32,Ewallet,273.54,4.7619,13.677,7.7
INV-C2501-1859,C,Naypyitaw,Normal,Female,Electronic accessories,47.9,7,16.765,352.065,2025-01-11,19:48,Credit card,335.3,4.7619,16.765,7.5
INV-B2501-1860,B,Mandalay,Member,Male,Fashion accessories,47.71,1,2.3855,50.0955,2025-01-02,16:47,Credit card,47.71,4.7619,2.3855,4.5
INV-A2501-1861,A,Yangon,Member,Male,Food and beverages,73.32,5,18.33,384.93,2025-01-12,11:46,Credit card,366.6,4.7619,18.33,9.7
INV-C2501-1862,C,Naypyitaw,Member,Female,Fashion accessories,70.61,7,24.7135,518.9835,2025-01-02,14:35,Cash,494.27,4.7619,24.7135,5.2
INV-C2503-1863,C,Naypyitaw,Member,Male,Health and beauty,31.62,2,3.162,66.402,2025-03-23,20:33,Ewallet,63.24,4.7619,3.162,5.0
INV-B2502-1864,B,Mandalay,Member,Male,Food and beverages,93.43,7,32.7005,686.7105,2025-02-05,13:47,Cash,654.01,4.7619,32.7005,5.4
INV-B2503-1865,B,Mandalay,Member,Male,Health and beauty,73.34,2,7.334,154.014,2025-03-28,12:23,Credit card,146.68,4.7619,7.334,5.8
INV-A2501-1866,A,Yangon,Normal,Male,Fashion accessories,42.53,7,14.8855,312.5955,2025-01-04,20:11,Ewallet,297.71,4.7619,14.8855,9.5
INV-A2503-1867,A,Yangon,Normal,Female,Home and lifestyle,68.83,9,30.9735,650.4435,2025-03-12,14:12,Ewallet,619.47,4.7619,30.9735,4.2
INV-B2502-1868,B,Mandalay,Normal,Male,Sports and travel,19.01,8,7.604,159.684,2025-02-19,18:45,Cash,152.08,4.7619,7.604,6.6
INV-B2501-1869,B,Mandalay,Member,Female,Sports and travel,43.34,3,6.501,136.521,2025-01-01,12:15,Credit card,130.02,4.7619,6.501,9.4
INV-A2503-1870,A,Yangon,Normal,Male,Sports and travel,51.44,6,15.432,324.072,2025-03-18,20:35,Credit card,308.64,4.7619,15.432,9.6
INV-B2502-1871,B,Mandalay,Member,Female,Food and beverages,48.52,3,7.278,152.838,2025-02-02,17:18,Credit card,145.56,4.7619,7.278,5.3
INV-B2502-1872,B,Mandalay,Normal,Female,Electronic accessories,85.97,4,17.194,361.074,2025-02-04,15:20,Ewallet,343.88,4.7619,17.194,8.4
INV-C2501-1873,C,Naypyitaw,Member,Female,Health and beauty,93.17,5,23.2925,489.1425,2025-01-19,16:31,Credit card,465.85,4.7619,23.2925,7.2
INV-C2503-1874,C,Naypyitaw,Normal,Female,Electronic accessories,35.8,10,17.9,375.9,2025-03-28,15:35,Credit card,358.0,4.7619,17.9,5.3
INV-C2503-1875,C,Naypyitaw,Normal,Male,Food and beverages,44.34,8,17.736,372.456,2025-03-10,11:03,Cash,354.72,4.7619,17.736,9.8
INV-A2502-1876,A,Yangon,Member,Female,Electronic accessories,67.96,1,3.398,71.358,2025-02-07,20:35,Credit card,67.96,4.7619,3.398,6.5
INV-B2503-1877,B,Mandalay,Normal,Male,Electronic accessories,32.77,7,11.4695,240.8595,2025-03-28,20:12,Cash,229.39,4.7619,11.4695,4.1
INV-A2503-1878,A,Yangon,Normal,Male,Health and beauty,59.36,10,29.68,623.28,2025-03-06,19:56,Cash,593.6,4.7619,29.68,5.3
INV-A2501-1879,A,Yangon,Member,Male,Food and beverages,27.7,10,13.85,290.85,2025-01-06,15:23,Credit card,277.0,4.7619,13.85,4.9
INV-B2503-1880,B,Mandalay,Member,Male,Food and beverages,91.33,9,41.0985,863.0685,2025-03-25,14:44,Credit card,821.97,4.7619,41.0985,5.3
INV-A2503-1881,A,Yangon,Normal,Male,Electronic accessories,93.96,5,23.49,493.29,2025-03-17,12:36,Credit card,469.8,4.7619,23.49,4.2
INV-C2503-1882,C,Naypyitaw,Member,Male,Home and lifestyle,24.32,8,9.728,204.288,2025-03-08,20:28,Credit card,194.56,4.7619,9.728,6.0
INV-A2502-1883,A,Yangon,Normal,Male,Food and beverages,85.41,1,4.2705,89.6805,2025-02-09,16:46,Ewallet,85.41,4.7619,4.2705,6.2
INV-A2503-1884,A,Yangon,Member,Female,Food and beverages,22.04,9,9.918,208.278,2025-03-05,18:38,Ewallet,198.36,4.7619,9.918,4.1
INV-B2501-1885,B,Mandalay,Member,Male,Sports and travel,20.73,10,10.365,217.665,2025-01-03,18:27,Cash,207.3,4.7619,10.365,7.2
INV-A2501-1886,A,Yangon,Member,Female,Home and lifestyle,66.92,10,33.46,702.66,2025-01-09,10:52,Cash,669.2,4.7619,33.46,4.5
INV-C2503-1887,C,Naypyitaw,Member,Male,Food and beverages,73.53,9,33.0885,694.8585,2025-03-23,12:36,Ewallet,661.77,4.7619,33.0885,8.5
INV-B2502-1888,B,Mandalay,Normal,Male,Health and beauty,68.86,3,10.329,216.909,2025-02-15,16:54,Cash,206.58,4.7619,10.329,6.1
INV-A2502-1889,A,Yangon,Member,Female,Sports and travel,87.78,2,8.778,184.338,2025-02-12,14:39,Credit card,175.56,4.7619,8.778,9.6
INV-C2501-1890,C,Naypyitaw,Member,Male,Food and beverages,33.34,9,15.003,315.063,2025-01-02,20:06,Ewallet,300.06,4.7619,15.003,8.8
INV-C2503-1891,C,Naypyitaw,Member,Male,Electronic accessories,42.61,3,6.3915,134.2215,2025-03-10,20:25,Cash,127.83,4.7619,6.3915,6.1
INV-C2501-1892,C,Naypyitaw,Member,Male,Health and beauty,21.91,2,2.191,46.011,2025-01-14,11:40,Ewallet,43.82,4.7619,2.191,7.0
INV-C2502-1893,C,Naypyitaw,Member,Female,Sports and travel,42.39,7,14.8365,311.5665,2025-02-26,17:42,Credit card,296.73,4.7619,14.8365,8.7
INV-C2502-1894,C,Naypyitaw,Member,Female,Electronic accessories,82.91,4,16.582,348.222,2025-02-03,15:33,Cash,331.64,4.7619,16.582,4.8
INV-C2503-1895,C,Naypyitaw,Normal,Female,Fashion accessories,10.22,6,3.066,64.386,2025-03-06,20:31,Ewallet,61.32,4.7619,3.066,6.3
INV-A2501-1896,A,Yangon,Member,Male,Sports and travel,63.6,8,25.44,534.24,2025-01-30,10:00,Cash,508.8,4.7619,25.44,5.5
INV-C2503-1897,C,Naypyitaw,Member,Female,Fashion accessories,63.66,4,12.732,267.372,2025-03-25,19:55,Ewallet,254.64,4.7619,12.732,5.7
INV-B2503-1898,B,Mandalay,Member,Male,Health and beauty,15.63,10,7.815,164.115,2025-03-09,13:47,Ewallet,156.3,4.7619,7.815,4.8
INV-B2503-1899,B,Mandalay,Member,Male,Health and beauty,59.88,7,20.958,440.118,2025-03-03,14:35,Ewallet,419.16,4.7619,20.958,8.9
INV-A2501-1900,A,Yangon,Normal,Male,Electronic accessories,36.8,8,14.72,309.12,2025-01-01,15:05,Credit card,294.4,4.7619,14.72,6.2
INV-B2503-1901,B,Mandalay,Normal,Male,Electronic accessories,90.06,10,45.03,945.63,2025-03-17,20:03,Cash,900.6,4.7619,45.03,6.2
INV-A2501-1902,A,Yangon,Member,Male,Home and lifestyle,83.14,10,41.57,872.97,2025-01-27,16:00,Cash,831.4,4.7619,41.57,4.2
INV-C2501-1903,C,Naypyitaw,Normal,Female,Electronic accessories,54.23,1,2.7115,56.9415,2025-01-18,10:38,Ewallet,54.23,4.7619,2.7115,9.8
INV-A2502-1904,A,Yangon,Member,Male,Food and beverages,18.42,1,0.921,19.341,2025-02-20,13:54,Ewallet,18.42,4.7619,0.921,7.9
INV-B2503-1905,B,Mandalay,Normal,Male,Sports and travel,96.31,4,19.262,404.502,2025-03-07,10:53,Cash,385.24,4.7619,19.262,7.0
INV-A2501-1906,A,Yangon,Member,Female,Electronic accessories,78.86,10,39.43,828.03,2025-01-07,11:09,Credit card,788.6,4.7619,39.43,8.1
INV-B2502-1907,B,Mandalay,Normal,Female,Fashion accessories,30.63,10,15.315,321.615,2025-02-15,10:55,Credit card,306.3,4.7619,15.315,7.4
INV-A2502-1908,A,Yangon,Member,Male,Health and beauty,62.3,4,12.46,261.66,2025-02-21,14:47,Cash,249.2,4.7619,12.46,8.8
INV-C2501-1909,C,Naypyitaw,Member,Male,Food and beverages,73.63,10,36.815,773.115,2025-01-21,12:13,Ewallet,736.3,4.7619,36.815,4.5
INV-B2501-1910,B,Mandalay,Normal,Male,Sports and travel,89.6,2,8.96,188.16,2025-01-23,17:40,Credit card,179.2,4.7619,8.96,8.2
INV-B2502-1911,B,Mandalay,Member,Female,Food and beverages,33.03,5,8.2575,173.4075,2025-02-08,12:17,Ewallet,165.15,4.7619,8.2575,7.0
INV-B2501-1912,B,Mandalay,Normal,Female,Sports and travel,90.44,7,31.654,664.734,2025-01-22,10:26,Ewallet,633.08,4.7619,31.654,8.6
INV-B2502-1913,B,Mandalay,Normal,Female,Fashion accessories,69.26,4,13.852,290.892,2025-02-05,19:45,Credit card,277.04,4.7619,13.852,7.9
INV-C2503-1914,C,Naypyitaw,Normal,Male,Electronic accessories,60.42,5,15.105,317.205,2025-03-18,10:59,Credit card,302.1,4.7619,15.105,5.3
INV-B2503-1915,B,Mandalay,Member,Female,Sports and travel,92.21,8,36.884,774.564,2025-03-04,11:22,Ewallet,737.68,4.7619,36.884,5.9
INV-A2502-1916,A,Yangon,Normal,Female,Health and beauty,21.52,10,10.76,225.96,2025-02-14,11:46,Ewallet,215.2,4.7619,10.76,9.8
INV-B2502-1917,B,Mandalay,Normal,Male,Sports and travel,18.38,8,7.352,154.392,2025-02-10,16:28,Cash,147.04,4.7619,7.352,7.0
INV-B2501-1918,B,Mandalay,Normal,Female,Fashion accessories,41.86,7,14.651,307.671,2025-01-17,20:36,Cash,293.02,4.7619,14.651,5.8
INV-C2501-1919,C,Naypyitaw,Member,Male,Home and lifestyle,87.29,8,34.916,733.236,2025-01-14,11:16,Credit card,698.32,4.7619,34.916,5.6
INV-A2503-1920,A,Yangon,Member,Male,Sports and travel,47.82,10,23.91,502.11,2025-03-13,13:18,Ewallet,478.2,4.7619,23.91,9.8
INV-A2501-1921,A,Yangon,Normal,Male,Fashion accessories,80.3,1,4.015,84.315,2025-01-25,13:43,Cash,80.3,4.7619,4.015,5.9
INV-C2503-1922,C,Naypyitaw,Normal,Male,Electronic accessories,51.5,1,2.575,54.075,2025-03-26,14:51,Ewallet,51.5,4.7619,2.575,4.7
INV-C2502-1923,C,Naypyitaw,Normal,Female,Fashion accessories,22.67,8,9.068,190.428,2025-02-11,18:04,Credit card,181.36,4.7619,9.068,5.0
INV-A2502-1924,A,Yangon,Member,Male,Health and beauty,81.45,5,20.3625,427.6125,2025-02-19,16:18,Credit card,407.25,4.7619,20.3625,9.6
INV-C2502-1925,C,Naypyitaw,Member,Female,Food and beverages,55.06,8,22.024,462.504,2025-02-11,15:05,Credit card,440.48,4.7619,22.024,4.7
INV-B2501-1926,B,Mandalay,Normal,Female,Home and lifestyle,83.85,7,29.3475,616.2975,2025-01-05,17:22,Ewallet,586.95,4.7619,29.3475,8.2
INV-C2502-1927,C,Naypyitaw,Member,Male,Sports and travel,97.23,6,29.169,612.549,2025-02-25,14:57,Credit card,583.38,4.7619,29.169,8.4
INV-A2501-1928,A,Yangon,Member,Female,Fashion accessories,60.88,2,6.088,127.848,2025-01-25,11:35,Ewallet,121.76,4.7619,6.088,8.9
INV-A2501-1929,A,Yangon,Normal,Male,Home and lifestyle,16.26,3,2.439,51.219,2025-01-13,16:47,Cash,48.78,4.7619,2.439,4.9
INV-C2501-1930,C,Naypyitaw,Normal,Male,Home and lifestyle,90.56,9,40.752,855.792,2025-01-03,15:14,Cash,815.04,4.7619,40.752,6.0
INV-C2503-1931,C,Naypyitaw,Normal,Female,Electronic accessories,31.88,1,1.594,33.474,2025-03-30,17:55,Ewallet,31.88,4.7619,1.594,9.0
INV-B2501-1932,B,Mandalay,Normal,Male,Electronic accessories,49.82,1,2.491,52.311,2025-01-28,10:53,Cash,49.82,4.7619,2.491,4.5
INV-A2502-1933,A,Yangon,Normal,Male,Health and beauty,24.34,10,12.17,255.57,2025-02-04,13:44,Credit card,243.4,4.7619,12.17,5.6
INV-C2501-1934,C,Naypyitaw,Normal,Male,Health and beauty,19.99,10,9.995,209.895,2025-01-14,19:39,Ewallet,199.9,4.7619,9.995,8.4
INV-B2501-1935,B,Mandalay,Member,Female,Fashion accessories,58.46,8,23.384,491.064,2025-01-12,16:16,Credit card,467.68,4.7619,23.384,4.7
INV-C2501-1936,C,Naypyitaw,Normal,Female,Fashion accessories,39.5,5,9.875,207.375,2025-01-25,14:02,Cash,197.5,4.7619,9.875,4.9
INV-A2502-1937,A,Yangon,Member,Male,Fashion accessories,77.11,4,15.422,323.862,2025-02-04,13:23,Credit card,308.44,4.7619,15.422,4.6
INV-A2501-1938,A,Yangon,Member,Male,Sports and travel,94.09,10,47.045,987.945,2025-01-19,19:30,Credit card,940.9,4.7619,47.045,8.8
INV-B2501-1939,B,Mandalay,Normal,Male,Electronic accessories,98.96,10,49.48,1039.08,2025-01-25,14:43,Cash,989.6,4.7619,49.48,7.4
INV-A2501-1940,A,Yangon,Normal,Female,Home and lifestyle,77.16,1,3.858,81.018,2025-01-22,15:42,Credit card,77.16,4.7619,3.858,7.1
INV-A2501-1941,A,Yangon,Normal,Female,Health and beauty,30.62,1,1.531,32.151,2025-01-11,15:11,Ewallet,30.62,4.7619,1.531,8.5
INV-C2503-1942,C,Naypyitaw,Member,Male,Sports and travel,76.63,10,38.315,804.615,2025-03-27,20:23,Ewallet,766.3,4.7619,38.315,4.6
INV-A2501-1943,A,Yangon,Normal,Male,Health and beauty,72.07,4,14.414,302.694,2025-01-30,20:11,Cash,288.28,4.7619,14.414,7.5
INV-C2502-1944,C,Naypyitaw,Member,Male,Home and lifestyle,97.97,9,44.0865,925.8165,2025-02-09,20:53,Cash,881.73,4.7619,44.0865,7.1
INV-C2503-1945,C,Naypyitaw,Normal,Male,Electronic accessories,24.42,2,2.442,51.282,2025-03-24,16:36,Ewallet,48.84,4.7619,2.442,5.8
INV-B2501-1946,B,Mandalay,Normal,Male,Health and beauty,24.73,1,1.2365,25.9665,2025-01-20,15:25,Cash,24.73,4.7619,1.2365,9.1
INV-C2503-1947,C,Naypyitaw,Normal,Male,Electronic accessories,81.06,9,36.477,766.017,2025-03-10,20:12,Credit card,729.54,4.7619,36.477,8.2
INV-B2503-1948,B,Mandalay,Normal,Male,Food and beverages,83.26,10,41.63,874.23,2025-03-08,19:57,Ewallet,832.6,4.7619,41.63,8.8
INV-A2502-1949,A,Yangon,Member,Male,Sports and travel,76.09,8,30.436,639.156,2025-02-13,15:59,Cash,608.72,4.7619,30.436,9.6
INV-C2503-1950,C,Naypyitaw,Member,Female,Electronic accessories,31.81,7,11.1335,233.8035,2025-03-01,20:42,Credit card,222.67,4.7619,11.1335,9.3
INV-B2503-1951,B,Mandalay,Normal,Female,Fashion accessories,38.06,2,3.806,79.926,2025-03-31,13:01,Credit card,76.12,4.7619,3.806,4.9
INV-A2503-1952,A,Yangon,Member,Female,Food and beverages,11.04,9,4.968,104.328,2025-03-07,16:27,Ewallet,99.36,4.7619,4.968,6.4
INV-B2503-1953,B,Mandalay,Member,Female,Health and beauty,91.13,8,36.452,765.492,2025-03-07,16:59,Credit card,729.04,4.7619,36.452,7.9
INV-C2501-1954,C,Naypyitaw,Normal,Male,Fashion accessories,29.73,3,4.4595,93.6495,2025-01-26,17:23,Ewallet,89.19,4.7619,4.4595,9.6
INV-B2502-1955,B,Mandalay,Member,Female,Home and lifestyle,59.51,1,2.9755,62.4855,2025-02-17,14:26,Credit card,59.51,4.7619,2.9755,9.0
INV-A2502-1956,A,Yangon,Normal,Female,Sports and travel,43.94,8,17.576,369.096,2025-02-18,14:37,Ewallet,351.52,4.7619,17.576,7.4
INV-B2501-1957,B,Mandalay,Member,Female,Electronic accessories,21.2,8,8.48,178.08,2025-01-17,15:39,Credit card,169.6,4.7619,8.48,8.5
INV-C2502-1958,C,Naypyitaw,Normal,Female,Fashion accessories,95.41,9,42.9345,901.6245,2025-02-11,14:29,Cash,858.69,4.7619,42.9345,9.0
INV-B2503-1959,B,Mandalay,Normal,Female,Home and lifestyle,31.15,4,6.23,130.83,2025-03-03,11:12,Ewallet,124.6,4.7619,6.23,5.5
INV-B2501-1960,B,Mandalay,Member,Female,Fashion accessories,64.38,4,12.876,270.396,2025-01-25,12:22,Ewallet,257.52,4.7619,12.876,5.0
INV-B2501-1961,B,Mandalay,Normal,Male,Home and lifestyle,81.66,10,40.83,857.43,2025-01-10,14:12,Ewallet,816.6,4.7619,40.83,9.7
INV-C2503-1962,C,Naypyitaw,Normal,Female,Health and beauty,15.68,1,0.784,16.464,2025-03-09,11:19,Ewallet,15.68,4.7619,0.784,5.5
INV-B2501-1963,B,Mandalay,Normal,Female,Fashion accessories,33.19,6,9.957,209.097,2025-01-12,16:09,Credit card,199.14,4.7619,9.957,8.7
INV-A2501-1964,A,Yangon,Normal,Female,Health and beauty,70.18,10,35.09,736.89,2025-01-06,18:10,Credit card,701.8,4.7619,35.09,8.8
INV-B2501-1965,B,Mandalay,Member,Female,Fashion accessories,49.45,5,12.3625,259.6125,2025-01-28,11:32,Credit card,247.25,4.7619,12.3625,5.0
INV-C2502-1966,C,Naypyitaw,Member,Male,Sports and travel,68.54,1,3.427,71.967,2025-02-02,11:35,Cash,68.54,4.7619,3.427,5.1
INV-A2503-1967,A,Yangon,Normal,Female,Health and beauty,23.88,3,3.582,75.222,2025-03-23,11:58,Credit card,71.64,4.7619,3.582,9.7
INV-B2503-1968,B,Mandalay,Member,Female,Electronic accessories,95.38,1,4.769,100.149,2025-03-26,18:26,Ewallet,95.38,4.7619,4.769,7.6
INV-C2502-1969,C,Naypyitaw,Member,Male,Home and lifestyle,44.35,3,6.6525,139.7025,2025-02-16,13:13,Cash,133.05,4.7619,6.6525,9.6
INV-B2501-1970,B,Mandalay,Normal,Male,Fashion accessories,83.67,7,29.2845,614.9745,2025-01-20,11:11,Ewallet,585.69,4.7619,29.2845,9.9
INV-A2501-1971,A,Yangon,Normal,Male,Home and lifestyle,27.38,6,8.214,172.494,2025-01-23,15:37,Credit card,164.28,4.7619,8.214,4.5
INV-C2501-1972,C,Naypyitaw,Normal,Female,Electronic accessories,12.54,10,6.27,131.67,2025-01-20,20:39,Credit card,125.4,4.7619,6.27,7.7
INV-C2502-1973,C,Naypyitaw,Member,Male,Electronic accessories,34.49,6,10.347,217.287,2025-02-22,13:23,Credit card,206.94,4.7619,10.347,7.0
INV-C2503-1974,C,Naypyitaw,Normal,Female,Home and lifestyle,75.37,6,22.611,474.831,2025-03-13,19:40,Cash,452.22,4.7619,22.611,5.5
INV-B2501-1975,B,Mandalay,Normal,Female,Sports and travel,25.03,6,7.509,157.689,2025-01-01,15:29,Credit card,150.18,4.7619,7.509,9.1
INV-A2502-1976,A,Yangon,Member,Male,Home and lifestyle,17.24,7,6.034,126.714,2025-02-22,13:11,Credit card,120.68,4.7619,6.034,4.3
INV-B2501-1977,B,Mandalay,Member,Female,Sports and travel,24.26,6,7.278,152.838,2025-01-16,16:09,Cash,145.56,4.7619,7.278,8.0
INV-A2502-1978,A,Yangon,Normal,Female,Food and beverages,44.72,7,15.652,328.692,2025-02-15,15:17,Ewallet,313.04,4.7619,15.652,5.0
INV-B2503-1979,B,Mandalay,Member,Female,Home and lifestyle,83.84,5,20.96,440.16,2025-03-14,17:08,Credit card,419.2,4.7619,20.96,5.5
INV-A2503-1980,A,Yangon,Member,Female,Health and beauty,14.97,2,1.497,31.437,2025-03-29,12:39,Ewallet,29.94,4.7619,1.497,9.4
INV-A2501-1981,A,Yangon,Member,Female,Food and beverages,34.54,10,17.27,362.67,2025-01-25,15:38,Ewallet,345.4,4.7619,17.27,5.1
INV-B2503-1982,B,Mandalay,Normal,Female,Home and lifestyle,19.2,7,6.72,141.12,2025-03-17,20:50,Credit card,134.4,4.7619,6.72,8.0
INV-C2503-1983,C,Naypyitaw,Normal,Female,Fashion accessories,10.43,10,5.215,109.515,2025-03-10,13:46,Credit card,104.3,4.7619,5.215,7.4
INV-C2503-1984,C,Naypyitaw,Member,Female,Food and beverages,46.41,10,23.205,487.305,2025-03-22,13:07,Credit card,464.1,4.7619,23.205,6.9
INV-B2501-1985,B,Mandalay,Normal,Female,Fashion accessories,53.25,8,21.3,447.3,2025-01-23,18:52,Ewallet,426.0,4.7619,21.3,9.3
INV-C2501-1986,C,Naypyitaw,Member,Male,Sports and travel,62.54,5,15.635,328.335,2025-01-13,15:05,Cash,312.7,4.7619,15.635,5.3
INV-A2503-1987,A,Yangon,Normal,Female,Electronic accessories,43.23,3,6.4845,136.1745,2025-03-28,13:20,Ewallet,129.69,4.7619,6.4845,7.8
INV-C2502-1988,C,Naypyitaw,Member,Male,Sports and travel,59.89,4,11.978,251.538,2025-02-26,17:49,Credit card,239.56,4.7619,11.978,7.0
INV-A2503-1989,A,Yangon,Normal,Female,Home and lifestyle,45.22,4,9.044,189.924,2025-03-02,12:10,Credit card,180.88,4.7619,9.044,6.7
INV-B2501-1990,B,Mandalay,Member,Male,Sports and travel,76.94,5,19.235,403.935,2025-01-05,11:51,Cash,384.7,4.7619,19.235,5.4
INV-C2502-1991,C,Naypyitaw,Member,Female,Food and beverages,91.06,10,45.53,956.13,2025-02-20,12:16,Credit card,910.6,4.7619,45.53,4.4
INV-B2503-1992,B,Mandalay,Member,Male,Health and beauty,10.38,3,1.557,32.697,2025-03-28,12:37,Credit card,31.14,4.7619,1.557,9.1
INV-B2503-1993,B,Mandalay,Member,Female,Health and beauty,21.43,2,2.143,45.003,2025-03-10,13:14,Credit card,42.86,4.7619,2.143,9.1
INV-B2502-1994,B,Mandalay,Member,Female,Electronic accessories,20.65,4,4.13,86.73,2025-02-27,11:48,Cash,82.6,4.7619,4.13,5.2
INV-B2502-1995,B,Mandalay,Member,Male,Sports and travel,98.96,7,34.636,727.356,2025-02-22,10:00,Cash,692.72,4.7619,34.636,4.0
INV-C2502-1996,C,Naypyitaw,Normal,Male,Health and beauty,17.64,9,7.938,166.698,2025-02-28,16:07,Credit card,158.76,4.7619,7.938,4.5
INV-B2502-1997,B,Mandalay,Member,Male,Home and lifestyle,78.6,9,35.37,742.77,2025-02-08,19:59,Ewallet,707.4,4.7619,35.37,6.8
INV-A2501-1998,A,Yangon,Normal,Male,Fashion accessories,95.85,2,9.585,201.285,2025-01-11,12:55,Cash,191.7,4.7619,9.585,6.9
INV-C2501-1999,C,Naypyitaw,Normal,Male,Food and beverages,28.48,3,4.272,89.712,2025-01-29,14:02,Cash,85.44,4.7619,4.272,7.0
INV-C2502-2000,C,Naypyitaw,Member,Male,Home and lifestyle,49.81,4,9.962,209.202,2025-02-16,10:25,Ewallet,199.24,4.7619,9.962,6.7
